Discounted_Price,Actual_Price,Current_Discount,Rating,Sales,Type,Optimal_Discount
₹399,"₹1,099",64%,4.2,24269,Computers&Accessories,30.190158473000817
₹199,₹349,43%,4.0,43994,Computers&Accessories,27.891205793079493
₹199,"₹1,899",90%,3.9,7928,Computers&Accessories,32.091434659485685
₹329,₹699,53%,4.2,94363,Computers&Accessories,29.03935092689105
₹154,₹399,61%,4.2,16905,Computers&Accessories,28.06434047721656
₹149,"₹1,000",85%,3.9,24871,Computers&Accessories,29.919622319533033
₹176.63,₹499,65%,4.1,15188,Computers&Accessories,28.401164418096407
₹229,₹299,23%,4.3,30411,Computers&Accessories,27.714803800315575
₹499,₹999,50%,4.2,179691,Computers&Accessories,29.916844078715123
₹199,₹299,33%,4.0,43994,Computers&Accessories,27.714803800315575
₹154,₹339,55%,4.3,13391,Computers&Accessories,27.856189716673573
₹299,₹799,63%,4.2,94363,Computers&Accessories,29.341936511635126
₹219,₹700,69%,4.4,426973,Electronics,4.042767476853374
₹350,₹899,61%,4.2,2262,Computers&Accessories,29.634263219120538
₹159,₹399,60%,4.1,4768,Computers&Accessories,28.06434047721656
₹349,₹399,13%,4.4,18757,Computers&Accessories,28.06434047721656
"₹13,999","₹24,999",44%,4.2,32840,Electronics,18.253182677827912
₹249,₹399,38%,4.0,43994,Computers&Accessories,28.06434047721656
₹199,₹499,60%,4.1,13045,Computers&Accessories,28.401164418096407
"₹13,490","₹21,990",39%,4.3,11976,Electronics,17.881551171919124
₹970,"₹1,799",46%,4.5,815,Computers&Accessories,31.878243685420177
₹279,₹499,44%,3.7,10962,Electronics,3.4015025578728895
"₹13,490","₹22,900",41%,4.3,16299,Electronics,18.00239773529518
₹59,₹199,70%,4.0,9378,Computers&Accessories,27.351820819244523
"₹11,499","₹19,990",42%,4.3,4703,Electronics,17.58502648572008
₹199,₹699,72%,4.2,12153,Electronics,4.03968906666753
"₹14,999","₹19,999",25%,4.2,34899,Electronics,17.58646711957593
₹299,₹399,25%,4.0,2766,Computers&Accessories,28.06434047721656
₹970,"₹1,999",51%,4.4,184,Computers&Accessories,32.29853359257204
₹299,₹999,70%,4.3,20850,Computers&Accessories,29.916844078715123
₹199,₹750,73%,4.5,74976,Computers&Accessories,29.194984638373615
₹179,₹499,64%,4.0,1934,Computers&Accessories,28.401164418096407
₹389,"₹1,099",65%,4.3,974,Computers&Accessories,30.190158473000817
₹599,₹599,0%,4.3,355,Computers&Accessories,28.725956784020738
₹199,₹999,80%,3.9,1075,Computers&Accessories,29.916844078715123
₹99,₹666.66,85%,3.9,24871,Computers&Accessories,28.93920940140019
₹899,"₹1,900",53%,4.4,13552,Computers&Accessories,32.09353536301129
₹199,₹999,80%,4.0,576,Computers&Accessories,29.916844078715123
"₹32,999","₹45,999",28%,4.2,7298,Electronics,19.62580436474557
₹970,"₹1,999",51%,4.2,462,Computers&Accessories,32.29853359257204
₹209,₹695,70%,4.5,107687,Computers&Accessories,29.027026475225163
"₹19,999","₹34,999",43%,4.3,27151,Electronics,19.086564624413644
₹399,"₹1,099",64%,4.2,24269,Computers&Accessories,30.190158473000817
₹999,"₹1,599",38%,4.3,12093,Computers&Accessories,31.432477802687046
₹59,₹199,70%,4.0,9378,Computers&Accessories,27.351820819244523
₹333,₹999,67%,3.3,9792,Computers&Accessories,29.916844078715123
₹507,"₹1,208",58%,4.1,8131,Computers&Accessories,30.478041563519287
₹309,₹475,35%,4.4,426973,Electronics,3.3217869433277794
₹399,₹999,60%,3.6,493,Electronics,4.9171822184916
₹199,₹395,50%,4.2,92595,Computers&Accessories,28.050607799916104
"₹1,199","₹2,199",45%,4.4,24780,Computers&Accessories,32.695470817009536
₹179,₹500,64%,4.2,92595,Computers&Accessories,28.40447080438152
₹799,"₹2,100",62%,4.3,8188,Computers&Accessories,32.501781943946185
"₹6,999","₹12,999",46%,4.2,4003,Electronics,16.03076291129759
₹199,₹349,43%,4.1,314,Computers&Accessories,27.891205793079493
₹230,₹499,54%,3.7,2960,Electronics,3.4015025578728895
₹649,"₹1,399",54%,4.2,179691,Computers&Accessories,30.958847198420365
"₹15,999","₹21,999",27%,4.2,34899,Electronics,17.882786242980515
₹348,"₹1,499",77%,4.2,656,Computers&Accessories,31.199306373490053
₹154,₹349,56%,4.3,7064,Computers&Accessories,27.891205793079493
₹179,₹799,78%,3.7,2201,Electronics,4.342274651411601
"₹32,990","₹47,900",31%,4.3,7109,Electronics,19.696267957734214
₹139,₹999,86%,4.0,1313,Computers&Accessories,29.916844078715123
₹329,₹845,61%,4.2,29746,Computers&Accessories,29.477649123068822
"₹13,999","₹24,999",44%,4.2,45238,Electronics,18.253182677827912
₹309,"₹1,400",78%,4.4,426973,Electronics,5.9616271259761815
₹263,₹699,62%,4.1,450,Computers&Accessories,29.03935092689105
"₹7,999","₹14,990",47%,4.3,457,Electronics,16.584125875350868
"₹1,599","₹2,999",47%,4.2,2727,Electronics,9.085064430639264
₹219,₹700,69%,4.3,20053,Computers&Accessories,29.042429337076896
₹349,₹899,61%,4.5,149,Computers&Accessories,29.634263219120538
₹349,₹599,42%,4.1,210,Computers&Accessories,28.725956784020738
"₹26,999","₹42,999",37%,4.2,45238,Electronics,19.503250388960826
₹115,₹499,77%,4.0,7732,Computers&Accessories,28.401164418096407
₹399,₹999,60%,4.1,1780,Computers&Accessories,29.916844078715123
₹199,₹499,60%,4.1,602,Computers&Accessories,28.401164418096407
₹179,₹399,55%,4.0,1423,Computers&Accessories,28.06434047721656
"₹10,901","₹30,990",65%,4.1,398,Electronics,18.808077528865873
₹209,₹499,58%,3.9,536,Computers&Accessories,28.401164418096407
"₹1,434","₹3,999",64%,4.0,32,Electronics,10.47428130977438
₹399,"₹1,099",64%,4.2,24269,Computers&Accessories,30.190158473000817
₹139,₹249,44%,4.0,9378,Computers&Accessories,27.53504112946509
"₹7,299","₹19,125",62%,3.4,902,Electronics,17.44154940576893
₹299,₹799,63%,4.4,28791,Computers&Accessories,29.341936511635126
₹325,"₹1,299",75%,4.2,10576,Computers&Accessories,30.710753186866473
"₹29,999","₹39,999",25%,4.2,7298,Electronics,19.36435551994049
"₹27,999","₹40,990",32%,4.3,4703,Electronics,19.41224138994661
"₹30,990","₹52,900",41%,4.3,7109,Electronics,19.85951140922316
₹199,₹999,80%,4.5,127,Computers&Accessories,29.916844078715123
₹649,"₹1,999",68%,4.2,24269,Computers&Accessories,32.29853359257204
₹269,₹800,66%,3.6,10134,Computers&Accessories,29.344909675854876
"₹24,999","₹31,999",22%,4.2,34899,Electronics,18.883851375280216
₹299,₹699,57%,4.2,94363,Computers&Accessories,29.03935092689105
₹199,₹999,80%,4.1,425,Computers&Accessories,29.916844078715123
"₹18,990","₹40,990",54%,4.2,6659,Electronics,19.41224138994661
₹290,₹349,17%,3.7,1977,Computers&Accessories,27.891205793079493
₹249,₹799,69%,3.8,1079,Electronics,4.342274651411601
₹345,₹999,65%,3.7,1097,Computers&Accessories,29.916844078715123
"₹1,099","₹1,899",42%,4.5,22420,Computers&Accessories,32.091434659485685
₹719,"₹1,499",52%,4.1,1045,Computers&Accessories,31.199306373490053
₹349,"₹1,499",77%,4.3,4145,Electronics,6.199644513266533
₹849,"₹1,809",53%,4.3,6547,Computers&Accessories,31.8998445743918
₹299,₹899,67%,4.0,1588,Electronics,4.634601358897015
"₹21,999","₹29,999",27%,4.2,32840,Electronics,18.729402633847837
₹349,₹999,65%,4.2,13120,Computers&Accessories,29.916844078715123
₹399,₹999,60%,4.3,2806,Computers&Accessories,29.916844078715123
₹449,"₹1,299",65%,4.2,24269,Computers&Accessories,30.710753186866473
₹299,₹999,70%,4.3,766,Computers&Accessories,29.916844078715123
"₹37,999","₹65,000",42%,4.3,3587,Electronics,20.158055697404752
₹99,₹800,88%,3.9,24871,Computers&Accessories,29.344909675854876
"₹7,390","₹20,000",63%,4.1,2581,Electronics,17.586627125976186
₹273.10,₹999,73%,4.3,20850,Computers&Accessories,29.916844078715123
"₹15,990","₹23,990",33%,4.3,1035,Electronics,18.137161793102777
₹399,₹999,60%,4.1,1780,Computers&Accessories,29.916844078715123
₹399,"₹1,999",80%,4.5,505,Electronics,7.298871732348519
₹210,₹399,47%,4.1,1717,Computers&Accessories,28.06434047721656
"₹1,299","₹1,999",35%,3.6,590,Electronics,7.298871732348519
₹347,₹999,65%,3.5,1121,Computers&Accessories,29.916844078715123
₹149,₹999,85%,4.0,1313,Computers&Accessories,29.916844078715123
₹228,₹899,75%,3.8,132,Computers&Accessories,29.634263219120538
"₹1,599","₹1,999",20%,4.4,1951,Computers&Accessories,32.29853359257204
"₹1,499","₹3,999",63%,3.7,37,Electronics,10.47428130977438
"₹8,499","₹15,999",47%,4.3,592,Electronics,16.824495595903322
"₹20,990","₹44,990",53%,4.1,1259,Electronics,19.58622704596018
"₹32,999","₹44,999",27%,4.2,45238,Electronics,19.586587125176166
₹799,"₹1,700",53%,4.1,28638,Electronics,6.661253991647823
₹229,₹595,62%,4.3,12835,Electronics,3.7135261429556268
"₹9,999","₹27,990",64%,4.2,1269,Electronics,18.555405543678518
₹349,₹599,42%,4.2,284,Electronics,3.7262949237972207
₹489,"₹1,200",59%,4.4,69538,Electronics,5.4575948679116655
"₹23,999","₹34,990",31%,4.3,4703,Electronics,19.08600196968711
₹399,₹999,60%,4.3,2806,Computers&Accessories,29.916844078715123
₹349,"₹1,299",73%,4.0,3295,Electronics,5.711091326642954
₹179,₹299,40%,3.9,81,Computers&Accessories,27.714803800315575
₹689,"₹1,500",54%,4.2,42301,Computers&Accessories,31.201673601584318
"₹30,990","₹49,990",38%,4.3,1376,Electronics,19.768114669165854
₹249,₹931,73%,3.9,1075,Computers&Accessories,29.725725843390734
₹999,"₹2,399",58%,4.6,3664,Electronics,8.071287215177424
₹399,₹399,0%,3.9,1951,Electronics,3.064678616993036
₹349,₹699,50%,4.3,20850,Computers&Accessories,29.03935092689105
₹399,"₹1,099",64%,4.1,2685,Computers&Accessories,30.190158473000817
"₹1,699","₹2,999",43%,4.4,24780,Computers&Accessories,34.08472629086279
₹655,"₹1,099",40%,3.2,285,Electronics,5.190496612777296
₹749,"₹1,339",44%,4.2,179692,Computers&Accessories,30.810930096784965
"₹9,999","₹12,999",23%,4.2,6088,Electronics,16.03076291129759
₹195,₹499,61%,3.7,1383,Electronics,3.4015025578728895
₹999,"₹2,100",52%,4.5,5492,Computers&Accessories,32.501781943946185
₹499,₹899,44%,4.2,919,Computers&Accessories,29.634263219120538
₹416,₹599,31%,4.2,30023,Electronics,3.7262949237972207
₹368,₹699,47%,4.2,387,Computers&Accessories,29.03935092689105
"₹29,990","₹65,000",54%,4.1,211,Electronics,20.158055697404752
₹339,"₹1,099",69%,4.3,974,Computers&Accessories,30.190158473000817
"₹15,490","₹20,900",26%,4.3,16299,Electronics,17.725623264972324
₹499,"₹1,299",62%,4.3,30411,Computers&Accessories,30.710753186866473
₹249,₹399,38%,3.4,4642,Computers&Accessories,28.06434047721656
₹399,₹799,50%,4.3,12,Electronics,4.342274651411601
"₹1,499","₹1,999",25%,4.4,1951,Computers&Accessories,32.29853359257204
"₹9,490","₹15,990",41%,3.9,10480,Electronics,16.822453710063844
₹637,"₹1,499",58%,4.1,24,Electronics,6.199644513266533
₹399,₹899,56%,3.9,254,Electronics,4.634601358897015
"₹1,089","₹1,600",32%,4.0,3565,Electronics,6.43511197446103
₹339,₹999,66%,4.3,6255,Computers&Accessories,29.916844078715123
₹149,₹499,70%,4.0,7732,Computers&Accessories,28.401164418096407
₹149,₹399,63%,3.9,57,Computers&Accessories,28.06434047721656
₹599,₹849,29%,4.5,577,Computers&Accessories,29.489349338396657
₹299,"₹1,199",75%,3.9,1193,Electronics,5.454992991438353
₹399,"₹1,299",69%,4.2,13120,Computers&Accessories,30.710753186866473
₹339,"₹1,999",83%,4.0,343,Electronics,7.298871732348519
"₹12,499","₹22,990",46%,4.3,1611,Electronics,18.013922588641417
₹249,₹399,38%,4.0,6558,Computers&Accessories,28.06434047721656
"₹1,399","₹2,499",44%,4.4,23169,Computers&Accessories,33.251177638019946
"₹32,999","₹47,990",31%,4.3,4703,Electronics,19.699478607387768
₹149,₹399,63%,4.0,1423,Computers&Accessories,28.06434047721656
₹325,₹999,67%,4.3,2651,Computers&Accessories,29.916844078715123
₹399,"₹1,999",80%,5.0,5,Computers&Accessories,32.29853359257204
₹199,₹499,60%,3.7,612,Computers&Accessories,28.401164418096407
₹88,₹299,71%,4.0,9378,Computers&Accessories,27.714803800315575
₹399,"₹1,099",64%,4.1,2685,Computers&Accessories,30.190158473000817
₹57.89,₹199,71%,4.0,9378,Computers&Accessories,27.351820819244523
₹799,"₹1,999",60%,3.3,576,Electronics,7.298871732348519
₹205,₹499,59%,3.8,313,Electronics,3.4015025578728895
₹299,₹699,57%,4.1,2957,Computers&Accessories,29.03935092689105
₹849,₹999,15%,4.1,6736,Computers&Accessories,29.916844078715123
₹949,"₹1,999",53%,4.4,13552,Computers&Accessories,32.29853359257204
₹499,"₹1,200",58%,4.3,5451,Computers&Accessories,30.457256728135185
₹299,₹485,38%,4.3,10911,Computers&Accessories,28.354748421021945
₹949,"₹1,999",53%,4.4,13552,Computers&Accessories,32.29853359257204
₹379,"₹1,099",66%,4.3,2806,Computers&Accessories,30.190158473000817
"₹8,990","₹18,990",53%,3.9,350,Electronics,17.41822362451724
₹486,"₹1,999",76%,4.2,30023,Electronics,7.298871732348519
"₹5,699","₹11,000",48%,4.2,4003,Electronics,15.336627125976182
₹709,"₹1,999",65%,4.1,178817,Computers&Accessories,32.29853359257204
"₹47,990","₹70,900",32%,4.3,7109,Electronics,20.26910406932269
₹299,"₹1,199",75%,3.7,490,Electronics,5.454992991438353
₹320,₹599,47%,4.1,491,Computers&Accessories,28.725956784020738
₹139,₹549,75%,3.9,61,Computers&Accessories,28.565023893390183
₹129,₹249,48%,4.0,9378,Computers&Accessories,27.53504112946509
"₹24,999","₹35,999",31%,4.2,32840,Electronics,19.147543245881547
₹999,"₹1,699",41%,4.4,7318,Computers&Accessories,31.658687851702016
₹225,₹499,55%,4.1,789,Computers&Accessories,28.401164418096407
₹547,"₹2,999",82%,4.3,407,Electronics,9.085064430639264
₹259,₹699,63%,3.8,2399,Computers&Accessories,29.03935092689105
₹239,₹699,66%,4.4,2640,Electronics,4.03968906666753
₹349,₹999,65%,4.0,839,Electronics,4.9171822184916
₹467,₹599,22%,4.4,44054,Electronics,3.7262949237972207
₹449,₹599,25%,4.0,3231,Computers&Accessories,28.725956784020738
"₹11,990","₹31,990",63%,4.2,64,Electronics,18.883193765608517
₹350,₹599,42%,3.9,8314,Computers&Accessories,28.725956784020738
₹252,₹999,75%,3.7,2249,Computers&Accessories,29.916844078715123
₹204,₹599,66%,3.6,339,Electronics,3.7262949237972207
"₹6,490","₹9,990",35%,4.0,27,Electronics,14.91551304992548
₹235,₹599,61%,3.5,197,Electronics,3.7262949237972207
₹299,₹800,63%,4.5,74977,Computers&Accessories,29.344909675854876
₹799,"₹1,999",60%,4.2,8583,Computers&Accessories,32.29853359257204
₹299,₹999,70%,3.8,928,Electronics,4.9171822184916
"₹6,999","₹16,990",59%,3.8,110,Electronics,17.039105525248576
"₹42,999","₹59,999",28%,4.1,6753,Electronics,20.048141918511455
₹173,₹999,83%,4.3,1237,Electronics,4.9171822184916
₹209,₹600,65%,4.4,18872,Electronics,3.729484268833324
₹848.99,"₹1,490",43%,3.9,356,Computers&Accessories,31.177968493133445
₹649,"₹1,999",68%,4.2,24269,Computers&Accessories,32.29853359257204
₹299,₹899,67%,3.8,425,Electronics,4.634601358897015
₹399,₹799,50%,4.1,1161,Electronics,4.342274651411601
₹249,₹499,50%,4.1,1508,Computers&Accessories,28.401164418096407
"₹1,249","₹2,299",46%,4.3,7636,Electronics,7.886120207220188
₹213,₹499,57%,3.7,246,Electronics,3.4015025578728895
₹209,₹499,58%,4.0,479,Electronics,3.4015025578728895
₹598,"₹4,999",88%,4.2,910,Electronics,11.58562702596618
₹799,"₹1,749",54%,4.1,5626,Computers&Accessories,31.76927905880305
₹159,₹595,73%,4.3,14184,Computers&Accessories,28.713188003179148
₹499,"₹1,100",55%,4.4,25177,Computers&Accessories,30.192846363248883
"₹31,999","₹49,999",36%,4.3,21252,Electronics,19.76841224934206
"₹32,990","₹56,790",42%,4.3,567,Electronics,19.968242274058394
₹299,"₹1,199",75%,3.5,466,Electronics,5.454992991438353
₹128.31,₹549,77%,3.9,61,Computers&Accessories,28.565023893390183
₹599,₹849,29%,4.5,474,Computers&Accessories,29.489349338396657
₹399,₹899,56%,3.4,431,Electronics,4.634601358897015
₹449,"₹1,099",59%,4.0,242,Computers&Accessories,30.190158473000817
₹254,₹799,68%,4.0,2905,Computers&Accessories,29.341936511635126
₹399,₹795,50%,4.4,12091,Electronics,4.330371733396371
₹179,₹399,55%,4.0,1423,Computers&Accessories,28.06434047721656
₹339,₹999,66%,4.3,6255,Computers&Accessories,29.916844078715123
₹399,₹999,60%,4.0,1236,Electronics,4.9171822184916
₹199,₹399,50%,4.2,1335,Electronics,3.064678616993036
₹349,"₹1,999",83%,3.8,197,Electronics,7.298871732348519
₹299,₹798,63%,4.4,28791,Computers&Accessories,29.33896232183268
₹89,₹800,89%,3.9,1075,Computers&Accessories,29.344909675854876
₹549,₹995,45%,4.2,29746,Computers&Accessories,29.905721846916965
₹129,"₹1,000",87%,3.9,295,Computers&Accessories,29.919622319533033
"₹77,990","₹1,39,900",44%,4.7,5935,Electronics,20.89649600106245
₹349,₹799,56%,3.6,323,Electronics,4.342274651411601
₹499,₹899,44%,3.7,185,Electronics,4.634601358897015
₹299,₹799,63%,4.2,2117,Computers&Accessories,29.341936511635126
₹182,₹599,70%,4.0,9378,Computers&Accessories,28.725956784020738
₹96,₹399,76%,3.6,1796,Electronics,3.064678616993036
"₹54,990","₹85,000",35%,4.3,3587,Electronics,20.475516014865068
₹439,₹758,42%,4.2,4296,Electronics,4.219485757445442
₹299,₹999,70%,4.3,2651,Computers&Accessories,29.916844078715123
₹299,₹799,63%,4.2,94363,Computers&Accessories,29.341936511635126
₹789,"₹1,999",61%,4.2,34540,Computers&Accessories,32.29853359257204
₹299,₹700,57%,4.4,8714,Electronics,4.042767476853374
₹325,"₹1,099",70%,4.2,10576,Computers&Accessories,30.190158473000817
"₹1,299","₹1,999",35%,4.4,7318,Computers&Accessories,32.29853359257204
₹790,"₹1,999",60%,3.0,103,Electronics,7.298871732348519
"₹4,699","₹4,699",0%,4.5,224,Electronics,11.276285853680069
"₹18,999","₹24,990",24%,4.3,4702,Electronics,18.252182311037867
₹199,₹999,80%,4.2,85,Computers&Accessories,29.916844078715123
₹269,₹650,59%,4.4,35877,Electronics,3.8875120817283935
"₹1,990","₹3,100",36%,4.0,897,Electronics,9.240948113630502
"₹2,299","₹3,999",43%,3.8,282,Electronics,10.47428130977438
"₹35,999","₹49,990",28%,4.3,1611,Electronics,19.768114669165854
₹349,₹999,65%,4.2,513,Electronics,4.9171822184916
₹719,"₹1,499",52%,4.1,1045,Computers&Accessories,31.199306373490053
"₹8,999","₹18,999",53%,4.0,6347,Electronics,17.419786840964306
₹917,"₹2,299",60%,4.2,3300,Electronics,7.886120207220188
₹399,₹999,60%,3.3,23,Electronics,4.9171822184916
"₹45,999","₹69,900",34%,4.3,7109,Electronics,20.25151364132999
₹119,₹299,60%,3.8,51,Computers&Accessories,27.714803800315575
"₹21,999","₹29,999",27%,4.2,32840,Electronics,18.729402633847837
₹299,₹599,50%,3.7,708,Electronics,3.7262949237972207
"₹21,990","₹34,990",37%,4.3,1657,Electronics,19.08600196968711
₹417.44,₹670,38%,3.9,523,Computers&Accessories,28.949604682848733
₹199,₹999,80%,3.0,0,Computers&Accessories,29.916844078715123
"₹47,990","₹79,990",40%,4.3,1376,Electronics,20.410018113151143
₹215,₹499,57%,3.5,121,Electronics,3.4015025578728895
₹99,₹800,88%,3.9,1075,Computers&Accessories,29.344909675854876
"₹18,999","₹35,000",46%,4.0,1001,Electronics,19.086627125976182
₹249,₹999,75%,4.3,112,Computers&Accessories,29.916844078715123
"₹7,999","₹15,999",50%,3.8,3022,Electronics,16.824495595903322
₹649,"₹1,600",59%,4.3,5451,Computers&Accessories,31.43477383468455
"₹1,289","₹2,499",48%,3.3,73,Electronics,8.251515777796424
₹609,"₹1,500",59%,4.5,1029,Electronics,6.2020117413607965
"₹32,990","₹54,990",40%,4.1,1555,Electronics,19.919682635227723
₹599,"₹1,999",70%,4.2,47,Electronics,7.298871732348519
₹349,₹899,61%,4.1,14896,Computers&Accessories,29.634263219120538
"₹29,999","₹50,999",41%,4.4,1712,Electronics,19.800880951937362
₹199,₹399,50%,4.2,1335,Electronics,3.064678616993036
₹349,₹699,50%,3.9,214,Electronics,4.03968906666753
"₹1,850","₹4,500",59%,4.0,184,Electronics,11.060311336502497
"₹13,990","₹28,900",52%,4.5,7,Electronics,18.63677461860155
₹129,₹449,71%,3.7,41,Computers&Accessories,28.23429779515547
₹379,₹999,62%,4.2,12153,Electronics,4.9171822184916
₹185,₹499,63%,4.2,25,Electronics,3.4015025578728895
₹218,₹999,78%,4.2,163,Computers&Accessories,29.916844078715123
₹199,₹999,80%,4.3,87,Computers&Accessories,29.916844078715123
₹499,₹900,45%,4.4,2165,Electronics,4.6374745836033
"₹26,999","₹42,999",37%,4.2,1510,Electronics,19.503250388960826
₹893,"₹1,052",15%,4.3,106,Electronics,5.063163808064747
"₹10,990","₹19,990",45%,3.7,129,Electronics,17.58502648572008
₹379,"₹1,099",66%,4.3,3049,Computers&Accessories,30.190158473000817
"₹16,999","₹25,999",35%,4.2,32840,Electronics,18.360716612733817
₹699,"₹1,899",63%,4.4,390,Electronics,7.0917727992621655
"₹2,699","₹3,500",23%,3.5,621,Electronics,9.82192124362324
₹129,₹599,78%,4.1,265,Computers&Accessories,28.725956784020738
₹389,₹999,61%,4.3,838,Computers&Accessories,29.916844078715123
₹246,₹600,59%,4.2,143,Electronics,3.729484268833324
₹299,₹799,63%,4.0,151,Computers&Accessories,29.341936511635126
₹247,₹399,38%,3.9,200,Electronics,3.064678616993036
"₹1,369","₹2,999",54%,3.3,227,Electronics,9.085064430639264
₹199,₹499,60%,3.8,538,Electronics,3.4015025578728895
₹299,₹599,50%,4.0,171,Electronics,3.7262949237972207
"₹14,999","₹14,999",0%,4.3,27508,Electronics,16.586377113475557
₹299,₹699,57%,3.9,1454,Computers&Accessories,29.03935092689105
"₹24,990","₹51,990",52%,4.2,2951,Electronics,19.831933320045316
₹249,₹999,75%,5.0,0,Computers&Accessories,29.916844078715123
"₹61,999","₹69,999",11%,4.1,6753,Electronics,20.253276014628028
"₹24,499","₹50,000",51%,3.9,3518,Electronics,19.768445307794362
"₹10,499","₹19,499",46%,4.2,1510,Electronics,17.50482786886365
₹349,₹999,65%,4.3,838,Computers&Accessories,29.916844078715123
₹197,₹499,61%,3.8,136,Electronics,3.4015025578728895
"₹1,299","₹2,499",48%,4.3,301,Electronics,8.251515777796424
"₹1,519","₹1,899",20%,4.4,19763,Computers&Accessories,32.091434659485685
"₹46,999","₹69,999",33%,4.3,21252,Electronics,20.253276014628028
₹299,₹799,63%,4.3,1902,Computers&Accessories,29.341936511635126
"₹1,799","₹19,999",91%,4.2,13937,Electronics,17.58646711957593
"₹1,998","₹9,999",80%,4.3,27696,Electronics,14.919515985233463
"₹1,999","₹7,990",75%,3.8,17831,Electronics,13.888397718739846
"₹2,049","₹2,199",7%,4.3,178912,Electronics,7.695808956786015
"₹6,499","₹8,999",28%,4.0,7807,Electronics,14.443259742591655
"₹28,999","₹28,999",0%,4.3,17415,Electronics,18.64536414765329
"₹28,999","₹28,999",0%,4.3,17415,Electronics,18.64536414765329
"₹6,499","₹8,999",28%,4.0,7807,Electronics,14.443259742591655
"₹6,499","₹8,999",28%,4.0,7807,Electronics,14.443259742591655
₹569,"₹1,000",43%,4.4,67259,Electronics,4.9199604593095145
"₹1,898","₹4,999",62%,4.1,10689,Electronics,11.58562702596618
"₹1,299","₹1,599",19%,4.0,128311,Electronics,6.432815942463528
"₹1,499","₹6,990",79%,3.9,21796,Electronics,13.246343556334816
₹599,₹999,40%,4.1,192590,Electronics,4.9171822184916
"₹9,499","₹11,999",21%,4.2,284,Electronics,15.703928143683108
₹599,"₹2,499",76%,3.9,58162,Electronics,8.251515777796424
"₹8,999","₹11,999",25%,4.0,12796,Electronics,15.703928143683108
₹349,"₹1,299",73%,4.0,14282,Electronics,5.711091326642954
₹349,₹999,65%,4.1,363713,Electronics,4.9171822184916
₹959,"₹1,800",47%,4.4,67259,Electronics,6.880744773035005
"₹9,499","₹11,999",21%,4.2,284,Electronics,15.703928143683108
"₹1,499","₹2,499",40%,4.3,15970,Electronics,8.251515777796424
"₹1,149","₹2,199",48%,4.3,178912,Electronics,7.695808956786015
₹349,₹999,65%,3.9,46399,Electronics,4.9171822184916
"₹1,219","₹1,699",28%,4.4,8891,Electronics,6.6590259914784955
"₹1,599","₹3,999",60%,4.0,30254,Electronics,10.47428130977438
"₹1,499","₹7,999",81%,4.2,22636,Electronics,13.893727672172043
"₹18,499","₹25,999",29%,4.1,22318,Electronics,18.360716612733817
₹369,₹700,47%,4.4,67259,Electronics,4.042767476853374
"₹12,999","₹17,999",28%,4.1,18998,Electronics,17.238611994883527
"₹1,799","₹19,999",91%,4.2,13937,Electronics,17.58646711957593
"₹2,199","₹9,999",78%,4.2,29471,Electronics,14.919515985233463
"₹16,999","₹24,999",32%,4.1,22318,Electronics,18.253182677827912
"₹16,499","₹20,999",21%,4.0,21350,Electronics,17.74032534513846
"₹1,799","₹19,999",91%,4.2,13937,Electronics,17.58646711957593
₹399,"₹1,099",64%,4.2,24270,Computers&Accessories,30.190158473000817
"₹8,499","₹10,999",23%,4.1,313836,Electronics,15.336236476560591
"₹6,499","₹8,499",24%,4.1,313836,Electronics,14.17867098107656
"₹1,799","₹19,999",91%,4.2,13937,Electronics,17.58646711957593
"₹8,999","₹11,999",25%,4.0,12796,Electronics,15.703928143683108
₹139,₹495,72%,4.3,14185,Electronics,3.388264978569448
"₹3,999","₹16,999",76%,4.3,17159,Electronics,17.04096595955953
"₹2,998","₹5,999",50%,4.1,5179,Electronics,12.494891513647788
₹199,₹349,43%,4.0,43993,Computers&Accessories,27.891205793079493
"₹15,499","₹18,999",18%,4.1,19252,Electronics,17.419786840964306
₹199,₹999,80%,3.9,7928,Computers&Accessories,29.916844078715123
"₹1,799","₹19,999",91%,4.2,13937,Electronics,17.58646711957593
"₹8,999","₹11,999",25%,4.0,12796,Electronics,15.703928143683108
₹873,"₹1,699",49%,4.4,1680,Electronics,6.6590259914784955
"₹12,999","₹15,999",19%,4.2,13246,Electronics,16.824495595903322
₹539,"₹1,599",66%,3.8,14648,Electronics,6.432815942463528
"₹1,999","₹9,999",80%,4.3,27696,Electronics,14.919515985233463
"₹15,490","₹20,990",26%,4.2,32916,Electronics,17.738993420704922
"₹19,999","₹24,999",20%,3.9,25824,Electronics,18.253182677827912
"₹1,075","₹1,699",37%,4.4,7462,Electronics,6.6590259914784955
₹399,₹699,43%,4.0,37817,Electronics,4.03968906666753
"₹1,999","₹3,990",50%,4.0,30254,Electronics,10.463156603173067
"₹1,999","₹7,990",75%,3.8,17831,Electronics,13.888397718739846
₹329,₹699,53%,4.2,94364,Computers&Accessories,29.03935092689105
₹154,₹399,61%,4.2,16905,Computers&Accessories,28.06434047721656
"₹28,999","₹34,999",17%,4.4,20311,Electronics,19.086564624413644
"₹2,299","₹7,990",71%,4.2,69622,Electronics,13.888397718739846
₹399,"₹1,999",80%,4.0,3382,Electronics,7.298871732348519
"₹1,149","₹3,999",71%,4.3,140036,Electronics,10.47428130977438
₹529,"₹1,499",65%,4.1,8599,Electronics,6.199644513266533
"₹13,999","₹19,499",28%,4.1,18998,Electronics,17.50482786886365
₹379,₹999,62%,4.1,363713,Electronics,4.9171822184916
"₹13,999","₹19,999",30%,4.1,19252,Electronics,17.58646711957593
"₹3,999","₹9,999",60%,4.4,73,Electronics,14.919515985233463
₹149,"₹1,000",85%,3.9,24870,Computers&Accessories,29.919622319533033
₹99,₹499,80%,4.3,42641,Electronics,3.4015025578728895
"₹4,790","₹15,990",70%,4.0,4390,Electronics,16.822453710063844
"₹33,999","₹33,999",0%,4.3,17415,Electronics,19.022458813968182
₹99,₹999,90%,4.0,1396,Computers&Accessories,29.916844078715123
₹299,"₹1,900",84%,3.6,18202,Electronics,7.093873502787776
"₹10,999","₹14,999",27%,4.1,18998,Electronics,16.586377113475557
"₹34,999","₹38,999",10%,4.2,11029,Electronics,19.31384819918239
"₹16,999","₹24,999",32%,4.1,22318,Electronics,18.253182677827912
₹199,₹499,60%,4.1,1786,Electronics,3.4015025578728895
₹999,"₹1,599",38%,4.0,7222,Electronics,6.432815942463528
"₹1,299","₹1,599",19%,4.0,128311,Electronics,6.432815942463528
₹599,"₹1,800",67%,3.5,83996,Electronics,6.880744773035005
₹599,"₹1,899",68%,4.3,140036,Electronics,7.0917727992621655
"₹1,799","₹2,499",28%,4.1,18678,Electronics,8.251515777796424
₹176.63,₹499,65%,4.1,15189,Computers&Accessories,28.401164418096407
"₹10,999","₹14,999",27%,4.1,18998,Electronics,16.586377113475557
"₹2,999","₹7,990",62%,4.1,48449,Electronics,13.888397718739846
"₹1,999","₹7,990",75%,3.8,17831,Electronics,13.888397718739846
₹229,₹299,23%,4.3,30411,Computers&Accessories,27.714803800315575
₹199,₹299,33%,4.0,43994,Computers&Accessories,27.714803800315575
₹649,₹999,35%,4.2,1315,Electronics,4.9171822184916
"₹13,999","₹19,499",28%,4.1,18998,Electronics,17.50482786886365
₹119,₹299,60%,4.1,5999,Electronics,2.7151419400920522
"₹12,999","₹17,999",28%,4.1,50772,Electronics,17.238611994883527
₹154,₹339,55%,4.3,13391,Computers&Accessories,27.856189716673573
"₹20,999","₹26,999",22%,3.9,25824,Electronics,18.461529466674328
₹249,₹649,62%,4.0,14404,Electronics,3.8843789404566205
₹99,₹171,42%,4.5,11339,Electronics,2.2480079033886735
₹489,"₹1,999",76%,4.0,3626,Electronics,7.298871732348519
₹369,"₹1,600",77%,4.0,32625,Electronics,6.43511197446103
"₹15,499","₹20,999",26%,4.1,19252,Electronics,17.74032534513846
"₹15,499","₹18,999",18%,4.1,19252,Electronics,17.419786840964306
"₹22,999","₹28,999",21%,3.9,25824,Electronics,18.64536414765329
₹599,"₹1,490",60%,4.1,161679,Electronics,6.178306632909925
₹134,₹699,81%,4.1,16685,Electronics,4.03968906666753
"₹7,499","₹7,999",6%,4.0,30907,Electronics,13.893727672172043
"₹1,149","₹2,199",48%,4.3,178912,Electronics,7.695808956786015
"₹1,324","₹1,699",22%,4.0,128311,Electronics,6.6590259914784955
"₹13,999","₹19,999",30%,4.1,19252,Electronics,17.58646711957593
₹299,₹799,63%,4.2,94364,Computers&Accessories,29.341936511635126
₹999,"₹1,599",38%,4.0,7222,Electronics,6.432815942463528
"₹12,999","₹17,999",28%,4.1,18998,Electronics,17.238611994883527
"₹15,490","₹20,990",26%,4.2,32916,Electronics,17.738993420704922
₹999,"₹2,899",66%,4.6,26603,Electronics,8.926796767702982
"₹1,599","₹4,999",68%,4.0,67950,Electronics,11.58562702596618
"₹1,324","₹1,699",22%,4.0,128311,Electronics,6.6590259914784955
"₹20,999","₹29,990",30%,4.3,9499,Electronics,18.7286677089999
₹999,"₹1,999",50%,4.3,1777,Electronics,7.298871732348519
"₹12,490","₹15,990",22%,4.2,58506,Electronics,16.822453710063844
"₹17,999","₹21,990",18%,4.0,21350,Electronics,17.881551171919124
₹350,₹899,61%,4.2,2263,Computers&Accessories,29.634263219120538
"₹1,399","₹1,630",14%,4.0,9378,Electronics,6.503670866549332
₹159,₹399,60%,4.1,4768,Computers&Accessories,28.06434047721656
"₹1,499","₹6,990",79%,3.9,21796,Electronics,13.246343556334816
"₹1,999","₹7,990",75%,3.8,17833,Electronics,13.888397718739846
₹999,"₹2,899",66%,4.7,7779,Electronics,8.926796767702982
"₹2,099","₹5,999",65%,4.3,17129,Electronics,12.494891513647788
₹337,₹699,52%,4.2,4969,Electronics,4.03968906666753
"₹2,999","₹7,990",62%,4.1,154,Electronics,13.888397718739846
"₹1,299","₹5,999",78%,3.3,4415,Electronics,12.494891513647788
₹349,₹399,13%,4.4,18757,Computers&Accessories,28.06434047721656
"₹16,499","₹20,990",21%,4.0,21350,Electronics,17.738993420704922
₹499,₹499,0%,4.2,31539,Electronics,3.4015025578728895
₹970,"₹1,799",46%,4.5,815,Computers&Accessories,31.878243685420177
₹999,"₹2,899",66%,4.6,6129,Electronics,8.926796767702982
"₹10,499","₹13,499",22%,4.2,284,Electronics,16.18092952070022
₹249,₹399,38%,4.0,43994,Computers&Accessories,28.06434047721656
₹251,₹999,75%,3.7,3234,Electronics,4.9171822184916
₹199,₹499,60%,4.1,13045,Computers&Accessories,28.401164418096407
"₹6,499","₹7,999",19%,4.1,313832,Electronics,13.893727672172043
"₹2,999","₹9,999",70%,4.2,20879,Electronics,14.919515985233463
₹279,"₹1,499",81%,4.2,2646,Electronics,6.199644513266533
₹269,"₹1,499",82%,4.5,28978,Electronics,6.199644513266533
"₹8,999","₹13,499",33%,3.8,3145,Electronics,16.18092952070022
₹59,₹199,70%,4.0,9377,Computers&Accessories,27.351820819244523
₹599,"₹1,299",54%,4.1,192589,Electronics,5.711091326642954
₹349,₹999,65%,3.8,16557,Electronics,4.9171822184916
"₹13,999","₹19,499",28%,4.1,18998,Electronics,17.50482786886365
₹349,₹999,65%,3.8,16557,Electronics,4.9171822184916
₹499,₹599,17%,4.2,21916,Electronics,3.7262949237972207
"₹2,199","₹9,999",78%,4.2,29472,Electronics,14.919515985233463
₹95,₹499,81%,4.2,1949,Electronics,3.4015025578728895
₹139,₹249,44%,4.0,9377,Computers&Accessories,27.53504112946509
"₹4,499","₹7,999",44%,3.5,37,Electronics,13.893727672172043
₹89,₹599,85%,4.3,2351,Electronics,3.7262949237972207
"₹15,499","₹20,999",26%,4.1,19253,Electronics,17.74032534513846
"₹13,999","₹15,999",13%,3.9,2180,Electronics,16.824495595903322
"₹1,999","₹4,999",60%,3.9,7571,Electronics,11.58562702596618
"₹1,399","₹5,999",77%,3.3,4415,Electronics,12.494891513647788
₹599,₹999,40%,4.0,18654,Electronics,4.9171822184916
₹199,"₹1,099",82%,4.0,3197,Electronics,5.190496612777296
"₹1,799","₹6,990",74%,4.0,26880,Electronics,13.246343556334816
"₹1,499","₹6,990",79%,3.9,21796,Electronics,13.246343556334816
"₹20,999","₹29,990",30%,4.3,9499,Electronics,18.7286677089999
"₹12,999","₹13,499",4%,4.1,56098,Electronics,16.18092952070022
"₹16,999","₹20,999",19%,4.1,31822,Electronics,17.74032534513846
"₹19,999","₹27,990",29%,4.3,9499,Electronics,18.555405543678518
"₹12,999","₹18,999",32%,4.1,50772,Electronics,17.419786840964306
"₹2,999","₹5,999",50%,4.1,7148,Electronics,12.494891513647788
₹299,₹999,70%,4.3,20850,Computers&Accessories,29.916844078715123
₹970,"₹1,999",51%,4.4,184,Computers&Accessories,32.29853359257204
₹329,₹999,67%,4.2,3492,Electronics,4.9171822184916
"₹1,299","₹5,999",78%,3.3,4415,Electronics,12.494891513647788
"₹1,989","₹3,500",43%,4.4,67260,Electronics,9.82192124362324
"₹1,999","₹9,999",80%,4.3,27704,Electronics,14.919515985233463
"₹12,999","₹18,999",32%,4.1,50772,Electronics,17.419786840964306
"₹1,499","₹4,999",70%,4.0,92588,Electronics,11.58562702596618
"₹16,999","₹20,999",19%,4.1,31822,Electronics,17.74032534513846
"₹1,999","₹8,499",76%,4.3,240,Electronics,14.17867098107656
"₹4,999","₹6,999",29%,3.8,758,Electronics,13.25259929032321
₹99,₹666.66,85%,3.9,24870,Computers&Accessories,28.93920940140019
"₹2,499","₹5,999",58%,3.7,828,Electronics,12.494891513647788
"₹1,399","₹1,630",14%,4.0,9378,Electronics,6.503670866549332
"₹1,499","₹9,999",85%,4.2,22638,Electronics,14.919515985233463
₹899,"₹1,900",53%,4.4,13552,Computers&Accessories,32.09353536301129
₹249,₹599,58%,3.9,2147,Electronics,3.7262949237972207
₹299,"₹1,199",75%,4.5,596,Electronics,5.454992991438353
₹79,₹499,84%,4.2,1949,Electronics,3.4015025578728895
"₹13,999","₹15,999",13%,3.9,2180,Electronics,16.824495595903322
₹949,₹999,5%,4.2,31539,Electronics,4.9171822184916
₹99,₹499,80%,4.1,2451,Electronics,3.4015025578728895
"₹2,499","₹7,990",69%,4.1,154,Electronics,13.888397718739846
₹689,"₹1,999",66%,4.3,1193,Electronics,7.298871732348519
₹499,"₹1,899",74%,4.1,1475,Electronics,7.0917727992621655
₹299,₹999,70%,4.3,8891,Electronics,4.9171822184916
₹209,₹499,58%,3.6,104,Electronics,3.4015025578728895
"₹8,499","₹12,999",35%,4.1,6662,Electronics,16.03076291129759
"₹2,179","₹3,999",46%,4.0,8380,Electronics,10.47428130977438
"₹16,999","₹20,999",19%,4.1,31822,Electronics,17.74032534513846
"₹44,999","₹49,999",10%,4.3,3075,Electronics,19.76841224934206
"₹2,599","₹2,999",13%,3.9,14266,Electronics,9.085064430639264
"₹2,799","₹6,499",57%,4.1,38879,Electronics,12.890218742638499
"₹1,399","₹2,990",53%,4.1,97175,Electronics,9.070982570281563
₹649,"₹2,400",73%,4.4,67260,Electronics,8.073113612462668
₹799,"₹3,990",80%,3.8,119,Electronics,10.463156603173067
₹149,₹149,0%,4.3,10833,Computers&Accessories,27.165042142152313
₹799,"₹2,100",62%,4.3,8188,Computers&Accessories,32.501781943946185
"₹3,799","₹5,299",28%,3.5,1641,Electronics,11.876946574466325
₹199,"₹1,899",90%,4.0,4740,Electronics,7.0917727992621655
"₹23,999","₹32,999",27%,3.9,8866,Electronics,18.954978924707728
"₹29,990","₹39,990",25%,4.3,8399,Electronics,19.363910966829707
₹281,"₹1,999",86%,2.8,87,Electronics,7.298871732348519
"₹7,998","₹11,999",33%,3.8,125,Electronics,15.703928143683108
₹249,₹999,75%,4.5,38,Electronics,4.9171822184916
₹299,₹599,50%,4.3,4674,Electronics,3.7262949237972207
₹499,"₹1,899",74%,4.1,412,Electronics,7.0917727992621655
₹899,"₹3,499",74%,3.0,681,Electronics,9.820536997725798
"₹1,599","₹3,499",54%,4.0,36384,Electronics,9.820536997725798
₹120,₹999,88%,3.9,6491,Electronics,4.9171822184916
"₹3,999","₹6,999",43%,4.1,10229,Electronics,13.25259929032321
"₹12,999","₹18,999",32%,4.1,50772,Electronics,17.419786840964306
"₹1,599","₹2,599",38%,4.3,1801,Electronics,8.427000859362153
₹699,"₹1,199",42%,4.0,14404,Electronics,5.454992991438353
₹99,₹999,90%,4.4,305,Electronics,4.9171822184916
"₹7,915","₹9,999",21%,4.3,1376,Electronics,14.919515985233463
"₹1,499","₹7,999",81%,4.2,22638,Electronics,13.893727672172043
"₹1,055","₹1,249",16%,3.8,2352,Electronics,5.584066716310635
₹150,₹599,75%,4.3,714,Electronics,3.7262949237972207
₹219,₹700,69%,4.3,20052,Computers&Accessories,29.042429337076896
₹474,"₹1,799",74%,4.3,1454,Electronics,6.8785818251966555
₹115,₹499,77%,4.0,7732,Computers&Accessories,28.401164418096407
₹239,₹599,60%,3.9,2147,Electronics,3.7262949237972207
"₹7,499","₹9,499",21%,4.1,313832,Electronics,14.689599744777478
₹265,₹999,73%,3.7,465,Electronics,4.9171822184916
"₹37,990","₹74,999",49%,4.2,27790,Electronics,20.336611500780865
₹199,₹499,60%,4.1,602,Computers&Accessories,28.401164418096407
₹179,₹399,55%,4.0,1423,Computers&Accessories,28.06434047721656
"₹1,799","₹3,999",55%,4.6,245,Electronics,10.47428130977438
"₹8,499","₹11,999",29%,3.9,276,Electronics,15.703928143683108
"₹1,999","₹3,999",50%,4.0,30254,Electronics,10.47428130977438
"₹3,999","₹17,999",78%,4.3,17161,Electronics,17.238611994883527
₹219,₹499,56%,4.4,14,Electronics,3.4015025578728895
₹599,"₹1,399",57%,4.1,14560,Electronics,5.959185338196841
"₹2,499","₹2,999",17%,4.1,3156,Electronics,9.085064430639264
₹89,₹499,82%,4.1,9340,Electronics,3.4015025578728895
"₹2,999","₹11,999",75%,4.4,768,Electronics,15.703928143683108
₹314,"₹1,499",79%,4.5,28978,Electronics,6.199644513266533
"₹13,999","₹19,499",28%,4.1,18998,Electronics,17.50482786886365
₹139,₹499,72%,4.2,4971,Electronics,3.4015025578728895
"₹2,599","₹6,999",63%,4.5,1526,Electronics,13.25259929032321
₹365,₹999,63%,4.1,363711,Electronics,4.9171822184916
"₹1,499","₹4,490",67%,3.9,136954,Electronics,11.049219328294411
"₹1,998","₹9,999",80%,4.3,27709,Electronics,14.919515985233463
"₹1,799","₹7,990",77%,3.8,17833,Electronics,13.888397718739846
₹289,₹650,56%,4.3,253105,Computers&Accessories,28.887173941951914
₹599,₹895,33%,4.4,61314,Computers&Accessories,29.622760572289607
₹217,₹237,8%,3.8,7354,Computers&Accessories,27.491387324943258
"₹1,299","₹2,990",57%,3.8,180998,Electronics,9.070982570281563
₹263,₹699,62%,3.5,690,Computers&Accessories,29.03935092689105
₹569,"₹1,000",43%,4.4,67262,Electronics,4.9199604593095145
"₹1,999","₹4,999",60%,4.1,10689,Electronics,11.58562702596618
"₹1,399","₹3,990",65%,4.1,141841,Electronics,10.463156603173067
₹349,"₹1,499",77%,4.3,24791,Computers&Accessories,31.199306373490053
₹149,₹399,63%,3.5,21764,Electronics,3.064678616993036
₹599,₹999,40%,4.1,192587,Electronics,4.9171822184916
"₹1,220","₹3,990",69%,4.1,107151,Electronics,10.463156603173067
"₹1,499","₹6,990",79%,3.9,21797,Electronics,13.246343556334816
₹499,₹999,50%,3.9,92995,Electronics,4.9171822184916
₹99,₹999,90%,4.1,8751,Computers&Accessories,29.916844078715123
₹349,"₹1,299",73%,4.0,14283,Electronics,5.711091326642954
₹475,"₹1,500",68%,4.2,64273,Computers&Accessories,31.201673601584318
₹269,₹649,59%,4.3,54315,Computers&Accessories,28.884040800680143
₹299,₹599,50%,4.1,1597,Computers&Accessories,28.725956784020738
"₹1,599","₹3,999",60%,4.0,30254,Electronics,10.47428130977438
"₹1,499","₹7,999",81%,4.2,22638,Electronics,13.893727672172043
₹329,₹999,67%,3.9,77027,Electronics,4.9171822184916
₹549,"₹1,799",69%,4.3,28829,Computers&Accessories,31.878243685420177
"₹2,199","₹9,999",78%,4.2,29478,Electronics,14.919515985233463
₹299,₹650,54%,4.5,33176,Computers&Accessories,28.887173941951914
₹399,"₹1,099",64%,4.2,24269,Computers&Accessories,30.190158473000817
₹266,₹315,16%,4.5,28030,Electronics,2.771951679127639
₹50,₹50,0%,4.3,5792,OfficeProducts,49.7237297904407
₹130,₹165,21%,3.9,14778,Home&Kitchen,43.03308108624255
₹449,"₹1,290",65%,4.1,91770,Electronics,5.688375933607341
"₹3,999","₹16,999",76%,4.3,17162,Electronics,17.04096595955953
₹399,"₹1,290",69%,4.2,206,Electronics,5.688375933607341
"₹1,399","₹2,498",44%,4.2,33717,Computers&Accessories,33.24939914890976
₹199,₹349,43%,4.0,43994,Computers&Accessories,27.891205793079493
₹199,₹999,80%,3.9,7928,Computers&Accessories,29.916844078715123
"₹2,998","₹5,999",50%,4.1,5179,Electronics,12.494891513647788
"₹4,098","₹4,999",18%,4.5,50810,Computers&Accessories,36.5852888861897
₹499,"₹1,999",75%,3.7,3369,Electronics,7.298871732348519
₹299,₹449,33%,3.5,11827,Computers&Accessories,28.23429779515547
₹329,₹699,53%,4.2,94364,Computers&Accessories,29.03935092689105
₹699,₹999,30%,3.5,15295,Computers&Accessories,29.916844078715123
₹799,"₹3,990",80%,4.3,27139,Electronics,10.463156603173067
"₹1,399","₹5,499",75%,3.9,9504,Electronics,12.061910486296213
₹154,₹399,61%,4.2,16905,Computers&Accessories,28.06434047721656
₹519,"₹1,350",62%,4.3,30058,Computers&Accessories,30.838257490136712
"₹2,299","₹7,990",71%,4.2,69619,Electronics,13.888397718739846
₹399,"₹1,999",80%,4.0,3382,Electronics,7.298871732348519
"₹1,499","₹3,990",62%,4.1,109864,Electronics,10.463156603173067
"₹1,295","₹1,295",0%,4.5,5760,OfficeProducts,53.640086477737704
"₹1,889","₹5,499",66%,4.2,49551,Computers&Accessories,37.06157234651973
₹455,"₹1,490",69%,4.1,161677,Electronics,6.178306632909925
₹399,₹995,60%,3.9,21372,Electronics,4.906059986693446
"₹1,059","₹3,999",74%,4.3,140035,Electronics,10.47428130977438
₹149,"₹1,000",85%,3.9,24870,Computers&Accessories,29.919622319533033
₹717,₹761,6%,4.0,7199,Computers&Accessories,29.228191433691457
₹99,₹999,90%,4.0,1396,Computers&Accessories,29.916844078715123
₹39,₹299,87%,3.5,15233,Computers&Accessories,27.714803800315575
₹889,"₹2,500",64%,4.3,55747,Computers&Accessories,33.25295565286637
"₹1,199","₹4,999",76%,3.8,14961,Electronics,11.58562702596618
₹569,"₹1,299",56%,4.4,9275,Computers&Accessories,30.710753186866473
"₹1,499","₹8,999",83%,3.7,28324,Electronics,14.443259742591655
₹149,₹180,17%,4.4,644,Electronics,2.281607820956876
₹399,₹549,27%,4.4,18139,Computers&Accessories,28.565023893390183
₹191,₹225,15%,4.4,7203,Home&Kitchen,43.25540932609766
₹129,₹999,87%,4.2,491,Computers&Accessories,29.916844078715123
₹199,₹599,67%,4.5,13568,Computers&Accessories,28.725956784020738
₹999,"₹4,499",78%,3.8,3390,Electronics,11.059203186614143
₹899,"₹4,499",80%,3.8,103052,Electronics,11.059203186614143
"₹1,799","₹2,499",28%,4.1,18678,Electronics,8.251515777796424
₹176.63,₹499,65%,4.1,15189,Computers&Accessories,28.401164418096407
₹522,₹550,5%,4.4,12179,OfficeProducts,51.50769197044248
₹799,"₹1,999",60%,3.8,12958,Electronics,7.298871732348519
₹681,"₹1,199",43%,4.2,8258,Computers&Accessories,30.45465485166187
"₹1,199","₹3,490",66%,4.1,11716,Computers&Accessories,34.807725970887574
"₹2,499","₹4,999",50%,4.4,35024,Computers&Accessories,36.5852888861897
"₹1,799","₹4,999",64%,4.1,55192,Electronics,11.58562702596618
₹429,₹599,28%,4.1,119466,Electronics,3.7262949237972207
₹100,₹499,80%,3.5,9638,Computers&Accessories,28.401164418096407
₹329,₹399,18%,3.6,33735,Computers&Accessories,28.06434047721656
₹229,₹299,23%,4.3,30411,Computers&Accessories,27.714803800315575
₹139,₹299,54%,3.8,3044,Computers&Accessories,27.714803800315575
"₹1,199","₹2,499",52%,4.0,33584,Electronics,8.251515777796424
"₹1,049","₹2,299",54%,3.9,1779,Electronics,7.886120207220188
₹119,₹299,60%,4.1,5999,Electronics,2.7151419400920522
₹154,₹339,55%,4.3,13391,Computers&Accessories,27.856189716673573
₹225,₹250,10%,4.4,26556,Electronics,2.5390080783571336
₹656,"₹1,499",56%,4.3,25903,Computers&Accessories,31.199306373490053
"₹1,109","₹2,800",60%,4.3,53464,Computers&Accessories,33.76577616568689
"₹2,999","₹7,990",62%,4.1,48448,Electronics,13.888397718739846
₹169,₹299,43%,4.4,5176,Computers&Accessories,27.714803800315575
₹309,₹404,24%,4.4,8614,Computers&Accessories,28.08147773527446
₹599,"₹1,399",57%,3.8,60026,Electronics,5.959185338196841
₹299,₹599,50%,3.8,3066,Computers&Accessories,28.725956784020738
₹449,₹999,55%,4.0,2102,Computers&Accessories,29.916844078715123
₹799,"₹1,295",38%,4.4,34852,Computers&Accessories,30.700665475476907
₹219,₹700,69%,4.4,426972,Electronics,4.042767476853374
₹157,₹160,2%,4.5,8618,OfficeProducts,50.1458650272202
₹369,"₹1,600",77%,4.0,32625,Electronics,6.43511197446103
₹599,₹899,33%,4.0,4018,Computers&Accessories,29.634263219120538
₹479,₹599,20%,4.3,11687,Electronics,3.7262949237972207
₹350,₹899,61%,4.2,2262,Computers&Accessories,29.634263219120538
"₹1,598","₹2,990",47%,3.8,11015,Electronics,9.070982570281563
₹599,₹899,33%,4.3,95116,Computers&Accessories,29.634263219120538
₹159,₹399,60%,4.1,4768,Computers&Accessories,28.06434047721656
"₹1,299","₹3,000",57%,4.3,23022,Computers&Accessories,34.086288986199705
"₹1,599","₹4,999",68%,4.0,67951,Electronics,11.58562702596618
₹294,"₹4,999",94%,4.3,4426,Computers&Accessories,36.5852888861897
₹828,₹861,4%,4.2,4567,Computers&Accessories,29.52435416279073
₹745,₹795,6%,4.0,13797,Electronics,4.330371733396371
"₹1,549","₹2,495",38%,4.4,15137,Electronics,8.24439897387478
₹349,₹399,13%,4.4,18757,Computers&Accessories,28.06434047721656
₹970,"₹1,799",46%,4.5,815,Computers&Accessories,31.878243685420177
"₹1,469","₹2,499",41%,4.2,156638,Computers&Accessories,33.251177638019946
₹198,₹800,75%,4.1,9344,OfficeProducts,52.28433067811567
₹549,₹549,0%,4.5,4875,Electronics,3.5653620331666662
"₹2,999","₹9,999",70%,4.2,20881,Electronics,14.919515985233463
"₹12,000","₹29,999",60%,4.3,4744,Electronics,18.729402633847837
"₹1,299","₹3,499",63%,3.9,12452,Electronics,9.820536997725798
₹269,₹315,15%,4.5,17810,Electronics,2.771951679127639
₹799,"₹1,499",47%,4.1,53648,Electronics,6.199644513266533
"₹6,299","₹13,750",54%,4.2,2014,Computers&Accessories,41.25295565286637
₹59,₹59,0%,3.8,5958,Computers&Accessories,26.819536663606304
₹571,₹999,43%,4.3,38221,Electronics,4.9171822184916
₹549,₹999,45%,3.9,64705,Electronics,4.9171822184916
"₹2,099","₹5,999",65%,4.3,17129,Electronics,12.494891513647788
"₹13,490","₹21,990",39%,4.3,11976,Electronics,17.881551171919124
₹448,₹699,36%,3.9,17348,Computers&Accessories,29.03935092689105
"₹1,499","₹2,999",50%,3.7,87798,Electronics,9.085064430639264
₹299,₹499,40%,4.2,24432,Electronics,3.4015025578728895
₹579,"₹1,400",59%,4.3,189104,Computers&Accessories,30.961288986199705
"₹2,499","₹3,299",24%,4.2,93112,Electronics,9.536982590489979
"₹1,199","₹5,999",80%,3.9,47521,Electronics,12.494891513647788
₹399,₹499,20%,4.3,27201,Electronics,3.4015025578728895
₹279,₹499,44%,3.7,10962,Electronics,3.4015025578728895
"₹13,490","₹22,900",41%,4.3,16299,Electronics,18.00239773529518
₹279,₹375,26%,4.3,31534,Computers&Accessories,27.981637823409006
"₹2,499","₹4,999",50%,3.9,7571,Electronics,11.58562702596618
₹137,₹160,14%,4.4,6537,OfficeProducts,50.1458650272202
₹59,₹199,70%,4.0,9377,Computers&Accessories,27.351820819244523
₹299,₹499,40%,4.5,21010,Computers&Accessories,28.401164418096407
"₹1,799","₹3,999",55%,3.9,3517,Electronics,10.47428130977438
"₹1,999","₹2,999",33%,4.3,63899,Electronics,9.085064430639264
₹199,₹699,72%,4.2,12153,Electronics,4.03968906666753
₹399,"₹1,499",73%,4.1,5730,Computers&Accessories,31.199306373490053
"₹1,699","₹3,999",58%,4.2,25488,Computers&Accessories,35.4739431699979
₹699,₹995,30%,4.5,54405,Computers&Accessories,29.905721846916965
₹95,₹499,81%,4.2,1949,Electronics,3.4015025578728895
"₹1,149","₹1,699",32%,4.2,122478,Computers&Accessories,31.658687851702016
"₹1,495","₹1,995",25%,4.3,7241,Computers&Accessories,32.29036332501314
₹849,"₹4,999",83%,4.0,20457,Computers&Accessories,36.5852888861897
₹440,₹440,0%,4.5,8610,OfficeProducts,51.143357047284034
₹349,₹999,65%,3.8,16557,Electronics,4.9171822184916
₹599,"₹3,999",85%,3.9,1087,Computers&Accessories,35.4739431699979
₹149,₹399,63%,4.0,1540,Computers&Accessories,28.06434047721656
₹289,₹999,71%,4.1,401,Computers&Accessories,29.916844078715123
₹179,₹499,64%,3.4,9385,Computers&Accessories,28.401164418096407
"₹1,499","₹4,999",70%,4.0,92588,Electronics,11.58562702596618
₹399,₹699,43%,3.4,3454,Electronics,4.03968906666753
₹599,₹799,25%,4.3,15790,Computers&Accessories,29.341936511635126
₹949,"₹2,000",53%,3.9,14969,Computers&Accessories,32.30057470048542
"₹2,499","₹9,999",75%,4.1,42139,Electronics,14.919515985233463
₹159,₹180,12%,4.3,989,Electronics,2.281607820956876
"₹1,329","₹2,900",54%,4.5,19624,Electronics,8.928399277874915
₹570,₹999,43%,4.2,3201,Computers&Accessories,29.916844078715123
₹899,"₹1,999",55%,4.1,30469,Electronics,7.298871732348519
₹449,₹999,55%,4.4,9940,Computers&Accessories,29.916844078715123
₹549,₹999,45%,4.3,7758,Computers&Accessories,29.916844078715123
"₹1,529","₹2,399",36%,4.3,68409,Computers&Accessories,33.07094907540095
₹100,₹100,0%,4.3,3095,OfficeProducts,49.9178668512056
₹299,"₹1,499",80%,4.2,903,Computers&Accessories,31.199306373490053
"₹1,295","₹1,795",28%,4.1,25771,Computers&Accessories,31.86958552777439
₹699,₹999,30%,4.1,273189,Electronics,4.9171822184916
₹252,₹315,20%,4.5,3785,OfficeProducts,50.711034541611966
₹190,₹220,14%,4.4,2866,Electronics,2.429539003370817
"₹1,299","₹1,599",19%,4.3,27223,Computers&Accessories,31.432477802687046
₹729,"₹1,650",56%,4.3,82356,Computers&Accessories,31.5486950012373
₹480,₹600,20%,4.3,5719,OfficeProducts,51.668567131317644
"₹1,799","₹6,990",74%,4.0,26880,Electronics,13.246343556334816
₹999,"₹2,499",60%,4.3,1690,Computers&Accessories,33.251177638019946
₹299,₹399,25%,4.0,2766,Computers&Accessories,28.06434047721656
₹238,₹699,66%,4.4,8372,Computers&Accessories,29.03935092689105
"₹1,349","₹2,198",39%,4.0,7113,Computers&Accessories,32.69354100064816
₹299,₹999,70%,4.3,20850,Computers&Accessories,29.916844078715123
₹199,₹499,60%,3.3,2804,Computers&Accessories,28.401164418096407
"₹1,999","₹9,999",80%,3.7,1986,Electronics,14.919515985233463
₹99,₹499,80%,4.1,2451,Electronics,3.4015025578728895
₹499,"₹1,000",50%,5.0,23,Computers&Accessories,29.919622319533033
"₹1,792","₹3,500",49%,4.5,26194,Computers&Accessories,34.82158310384676
"₹3,299","₹4,100",20%,3.9,15783,Computers&Accessories,35.59727799718871
₹125,₹180,31%,4.4,8053,OfficeProducts,50.22069068344119
₹399,"₹1,190",66%,4.1,2809,Computers&Accessories,30.43120013321101
"₹1,199","₹7,999",85%,3.6,25910,Electronics,13.893727672172043
₹235,"₹1,599",85%,3.8,1173,Computers&Accessories,31.432477802687046
₹549,"₹1,999",73%,3.6,6422,Computers&Accessories,32.29853359257204
₹89,₹99,10%,4.2,241,Computers&Accessories,26.974600419814138
₹970,"₹1,999",51%,4.4,184,Computers&Accessories,32.29853359257204
"₹1,299","₹2,999",57%,3.8,14629,Electronics,9.085064430639264
₹230,₹999,77%,4.2,1528,Computers&Accessories,29.916844078715123
₹119,₹499,76%,4.3,15032,Electronics,3.4015025578728895
₹449,₹800,44%,4.4,69585,Electronics,4.345247815631353
"₹1,699","₹3,495",51%,4.1,14371,Electronics,9.814996755169824
₹561,₹720,22%,4.4,3182,OfficeProducts,52.043192505943026
₹289,₹590,51%,4.4,25886,Computers&Accessories,28.697201329670186
₹599,"₹1,999",70%,4.4,4736,Computers&Accessories,32.29853359257204
"₹5,599","₹7,350",24%,4.4,73005,Computers&Accessories,38.489122994296864
"₹1,990","₹2,595",23%,4.3,20398,Computers&Accessories,33.41973204084091
₹499,₹799,38%,4.3,2125,Computers&Accessories,29.341936511635126
₹449,₹999,55%,4.3,11330,Computers&Accessories,29.916844078715123
₹999,"₹1,999",50%,4.2,27441,Computers&Accessories,32.29853359257204
₹69,₹299,77%,4.3,255,Computers&Accessories,27.714803800315575
₹899,"₹1,499",40%,4.2,23174,Computers&Accessories,31.199306373490053
"₹1,399","₹2,490",44%,4.3,11074,Computers&Accessories,33.23515413973775
₹199,₹750,73%,4.5,74976,Computers&Accessories,29.194984638373615
₹149,₹499,70%,4.1,25607,Computers&Accessories,28.401164418096407
"₹1,799","₹4,990",64%,4.2,41226,Electronics,11.576617115966172
₹999,"₹2,490",60%,4.1,18331,Electronics,8.235492279514233
₹378,₹999,62%,4.1,1779,Computers&Accessories,29.916844078715123
₹99,₹99,0%,4.3,388,OfficeProducts,49.91402142207494
"₹1,499","₹2,999",50%,4.5,8656,Computers&Accessories,34.08472629086279
"₹1,815","₹3,100",41%,4.5,92925,Computers&Accessories,34.24060997385403
₹67,₹75,11%,4.1,1269,OfficeProducts,49.82127649092355
"₹1,889","₹2,699",30%,4.3,17394,Computers&Accessories,33.5975891550528
₹499,"₹1,499",67%,3.6,9169,Electronics,6.199644513266533
₹499,₹999,50%,4.4,1030,Computers&Accessories,29.916844078715123
"₹5,799","₹7,999",28%,4.5,50273,Computers&Accessories,38.89338953239556
₹499,₹799,38%,3.9,6742,Electronics,4.342274651411601
₹249,₹600,59%,4.0,1208,Computers&Accessories,28.729146129056844
₹179,₹499,64%,4.0,1933,Computers&Accessories,28.401164418096407
"₹4,449","₹5,734",22%,4.4,25006,Computers&Accessories,37.27009744530162
₹299,₹550,46%,4.6,33434,Computers&Accessories,28.568270968181686
₹629,"₹1,390",55%,4.4,6301,Computers&Accessories,30.936836717029127
"₹2,595","₹3,295",21%,4.4,22618,Computers&Accessories,34.53083389276993
₹389,"₹1,099",65%,4.3,974,Computers&Accessories,30.190158473000817
"₹1,799","₹2,911",38%,4.3,20342,Computers&Accessories,33.94566201110174
₹90,₹175,49%,4.4,7429,OfficeProducts,50.202038490875964
₹599,₹599,0%,4.0,26423,Computers&Accessories,28.725956784020738
"₹1,999","₹7,999",75%,4.2,31305,Electronics,13.893727672172043
"₹2,099","₹3,250",35%,3.8,11213,Computers&Accessories,34.46507686498758
₹179,₹499,64%,4.1,10174,Computers&Accessories,28.401164418096407
"₹1,345","₹2,295",41%,4.2,17413,Computers&Accessories,32.87826979497284
₹349,₹995,65%,4.2,6676,Electronics,4.906059986693446
₹287,₹499,42%,4.4,8076,Computers&Accessories,28.401164418096407
₹599,₹599,0%,4.3,355,Computers&Accessories,28.725956784020738
₹349,₹450,22%,4.1,18656,Computers&Accessories,28.237665132988692
₹879,"₹1,109",21%,4.4,31599,Electronics,5.2173359162855615
₹199,₹999,80%,3.9,1075,Computers&Accessories,29.916844078715123
₹250,₹250,0%,3.9,13971,Electronics,2.5390080783571336
₹199,₹499,60%,3.6,2492,Electronics,3.4015025578728895
₹899,"₹1,900",53%,4.4,13552,Computers&Accessories,32.09353536301129
₹199,₹999,80%,4.0,575,Computers&Accessories,29.916844078715123
₹149,₹999,85%,3.5,2523,Computers&Accessories,29.916844078715123
₹469,"₹1,499",69%,4.1,352,Computers&Accessories,31.199306373490053
"₹1,187","₹1,929",38%,4.1,1662,Computers&Accessories,32.154192002507976
₹849,"₹1,499",43%,4.0,7352,Computers&Accessories,31.199306373490053
₹328,₹399,18%,4.1,3441,Computers&Accessories,28.06434047721656
₹269,₹699,62%,4.0,93,Computers&Accessories,29.03935092689105
₹299,₹400,25%,3.8,40895,Electronics,3.0681086074576625
₹549,"₹1,499",63%,4.3,11006,Computers&Accessories,31.199306373490053
₹114,₹120,5%,4.2,8938,OfficeProducts,49.994459988460505
₹120,₹120,0%,4.1,4308,OfficeProducts,49.994459988460505
₹970,"₹1,999",51%,4.2,462,Computers&Accessories,32.29853359257204
₹209,₹695,70%,4.5,107686,Computers&Accessories,29.027026475225163
"₹1,490","₹2,295",35%,4.6,10652,Computers&Accessories,32.87826979497284
₹99,₹99,0%,4.3,5036,Home&Kitchen,42.782476740573344
₹149,₹249,40%,4.0,5057,Computers&Accessories,27.53504112946509
₹575,"₹2,799",79%,4.2,8537,Computers&Accessories,33.764132299444995
₹333,₹999,67%,3.3,9792,Computers&Accessories,29.916844078715123
₹178,₹210,15%,4.3,2450,OfficeProducts,50.331852023009446
"₹1,599","₹3,490",54%,3.7,676,Electronics,9.80806411066405
₹499,"₹1,299",62%,3.9,1173,Electronics,5.711091326642954
₹199,₹499,60%,4.3,9998,Computers&Accessories,28.401164418096407
"₹2,499","₹5,999",58%,4.1,5852,Electronics,12.494891513647788
₹199,₹999,80%,4.2,362,Computers&Accessories,29.916844078715123
₹939,"₹1,800",48%,4.5,205052,Electronics,6.880744773035005
"₹2,499","₹9,999",75%,4.0,9090,Electronics,14.919515985233463
"₹1,439","₹2,890",50%,4.5,4099,Computers&Accessories,33.91201775679539
"₹1,099","₹5,999",82%,3.5,12966,Electronics,12.494891513647788
₹157,₹160,2%,4.5,4428,OfficeProducts,50.1458650272202
₹999,"₹1,599",38%,4.3,12093,Computers&Accessories,31.432477802687046
₹115,₹999,88%,3.3,5692,Computers&Accessories,29.916844078715123
₹175,₹499,65%,4.1,21,Computers&Accessories,28.401164418096407
"₹1,999","₹4,700",57%,3.8,1880,Electronics,11.277348775460718
"₹3,999","₹4,332.96",8%,3.5,21762,Computers&Accessories,35.871574683341876
₹899,"₹1,800",50%,4.1,22375,Computers&Accessories,31.88040663325853
₹299,₹990,70%,4.5,2453,Computers&Accessories,29.891798168169654
"₹3,303","₹4,699",30%,4.4,13544,Computers&Accessories,36.27594771390359
"₹1,890","₹5,490",66%,4.1,10976,Computers&Accessories,37.05340052099474
₹90,₹100,10%,4.3,3061,OfficeProducts,49.9178668512056
"₹1,599","₹2,790",43%,3.6,2272,Electronics,8.749656651008273
₹599,₹999,40%,4.0,7601,Computers&Accessories,29.916844078715123
₹507,"₹1,208",58%,4.1,8131,Computers&Accessories,30.478041563519287
₹425,₹899,53%,4.5,4219,Computers&Accessories,29.634263219120538
"₹1,499","₹3,999",63%,4.2,42775,Electronics,10.47428130977438
₹549,"₹2,499",78%,4.3,5556,Computers&Accessories,33.251177638019946
₹199,₹395,50%,4.2,92595,Computers&Accessories,28.050607799916104
"₹1,295","₹1,645",21%,4.6,12375,Computers&Accessories,31.537380032098874
₹310,₹310,0%,4.5,5882,Home&Kitchen,43.561773593211264
₹149,₹149,0%,4.3,10833,Computers&Accessories,27.165042142152313
"₹1,149","₹1,499",23%,4.1,10443,Computers&Accessories,31.199306373490053
₹499,"₹1,299",62%,4.5,434,Computers&Accessories,30.710753186866473
₹999,"₹4,199",76%,3.5,1913,Electronics,10.715880305669627
"₹1,709","₹4,000",57%,4.4,3029,Computers&Accessories,35.47517787508859
₹250,₹250,0%,4.2,2628,OfficeProducts,50.478090940841454
"₹1,199","₹2,199",45%,4.4,24780,Computers&Accessories,32.695470817009536
₹90,₹100,10%,4.4,10718,Home&Kitchen,42.78632216970401
"₹2,025","₹5,999",66%,4.2,6233,Electronics,12.494891513647788
"₹1,495","₹1,995",25%,4.5,10541,Computers&Accessories,32.29036332501314
₹799,"₹2,100",62%,4.3,8188,Computers&Accessories,32.501781943946185
₹899,"₹1,199",25%,3.8,10751,Electronics,5.454992991438353
₹349,₹999,65%,3.9,817,Computers&Accessories,29.916844078715123
₹900,"₹2,499",64%,4.0,36384,Electronics,8.251515777796424
"₹2,490","₹3,990",38%,4.1,3606,Electronics,10.463156603173067
₹116,₹200,42%,4.4,357,Electronics,2.35585789520695
₹200,₹230,13%,4.4,10170,Home&Kitchen,43.273706415945526
"₹1,249","₹2,796",55%,4.4,4598,Computers&Accessories,33.75919817039673
₹649,₹999,35%,3.5,7222,Computers&Accessories,29.916844078715123
"₹2,649","₹3,499",24%,4.5,1271,Computers&Accessories,34.82019885794932
₹199,₹349,43%,4.1,314,Computers&Accessories,27.891205793079493
₹596,₹723,18%,4.4,3219,Computers&Accessories,29.112935849732814
"₹2,499","₹5,999",58%,4.1,38879,Electronics,12.494891513647788
"₹4,999","₹12,499",60%,4.2,4541,Electronics,15.872014862418265
₹399,"₹1,290",69%,4.2,76042,Electronics,5.688375933607341
₹116,₹200,42%,4.3,485,Electronics,2.35585789520695
"₹4,499","₹5,999",25%,4.3,44696,Electronics,12.494891513647788
₹330,₹499,34%,3.7,8566,Computers&Accessories,28.401164418096407
₹649,"₹2,499",74%,3.9,13049,Electronics,8.251515777796424
"₹1,234","₹1,599",23%,4.5,16680,Computers&Accessories,31.432477802687046
"₹1,399","₹2,990",53%,4.1,97174,Electronics,9.070982570281563
₹272,₹320,15%,4.0,3686,OfficeProducts,50.72871750725749
₹99,₹999,90%,3.8,594,Electronics,4.9171822184916
"₹3,498","₹3,875",10%,3.4,12185,Computers&Accessories,35.31868335239688
"₹10,099","₹19,110",47%,4.3,2623,Computers&Accessories,42.43863241216403
₹449,₹999,55%,4.3,9701,Computers&Accessories,29.916844078715123
₹348,"₹1,499",77%,4.2,656,Computers&Accessories,31.199306373490053
"₹1,199","₹2,999",60%,4.1,10725,Computers&Accessories,34.08472629086279
₹397,₹899,56%,4.0,3025,Computers&Accessories,29.634263219120538
₹154,₹349,56%,4.3,7064,Computers&Accessories,27.891205793079493
₹699,"₹1,490",53%,4.0,5736,Computers&Accessories,31.177968493133445
"₹1,679","₹1,999",16%,4.1,72563,Electronics,7.298871732348519
₹354,"₹1,500",76%,4.0,1026,Computers&Accessories,31.201673601584318
"₹1,199","₹5,499",78%,3.8,2043,Computers&Accessories,37.06157234651973
₹379,"₹1,499",75%,4.2,4149,Computers&Accessories,31.199306373490053
₹499,₹775,36%,4.3,74,Computers&Accessories,29.270271670182385
"₹10,389","₹32,000",68%,4.4,41398,Computers&Accessories,43.883586283497
₹649,"₹1,300",50%,4.1,5195,Computers&Accessories,30.71327311318383
"₹1,199","₹1,999",40%,4.5,22420,Computers&Accessories,32.29853359257204
₹139,₹999,86%,4.0,1313,Computers&Accessories,29.916844078715123
₹889,"₹1,999",56%,4.2,2284,Electronics,7.298871732348519
"₹1,409","₹2,199",36%,3.9,427,Computers&Accessories,32.695470817009536
₹549,"₹1,999",73%,4.3,1367,Computers&Accessories,32.29853359257204
₹749,"₹1,799",58%,4.0,13199,Computers&Accessories,31.878243685420177
₹329,₹845,61%,4.2,29746,Computers&Accessories,29.477649123068822
₹379,"₹1,099",66%,4.3,2806,Computers&Accessories,30.190158473000817
"₹5,998","₹7,999",25%,4.2,30355,Electronics,13.893727672172043
₹299,"₹1,499",80%,4.2,2868,Computers&Accessories,31.199306373490053
₹379,"₹1,499",75%,4.1,670,Computers&Accessories,31.199306373490053
"₹1,399","₹2,999",53%,4.3,3530,OfficeProducts,57.02414729312358
₹699,"₹1,299",46%,4.3,6183,Electronics,5.711091326642954
₹300,₹300,0%,4.2,419,OfficeProducts,50.65778546015862
₹999,"₹1,995",50%,4.5,7317,Computers&Accessories,32.29036332501314
₹535,₹535,0%,4.4,4426,OfficeProducts,51.45886265332048
"₹13,999","₹24,999",44%,4.2,45237,Electronics,18.253182677827912
₹269,"₹1,099",76%,4.1,1092,Computers&Accessories,30.190158473000817
₹341,₹450,24%,4.3,2493,OfficeProducts,51.177086135249496
"₹2,499","₹3,999",38%,4.4,12679,Computers&Accessories,35.4739431699979
₹349,₹599,42%,4.1,210,Computers&Accessories,28.725956784020738
"₹5,899","₹7,005",16%,3.6,4199,Computers&Accessories,38.2564264289319
₹699,"₹1,199",42%,4.0,14403,Electronics,5.454992991438353
"₹1,565","₹2,999",48%,4.0,11113,Computers&Accessories,34.08472629086279
₹326,₹799,59%,4.4,10773,Electronics,4.342274651411601
₹120,₹999,88%,3.9,6491,Electronics,4.9171822184916
₹657,₹999,34%,4.3,13944,Computers&Accessories,29.916844078715123
"₹1,995","₹2,895",31%,4.6,10760,Computers&Accessories,33.920044527681654
"₹1,500","₹1,500",0%,4.4,25996,Electronics,6.2020117413607965
"₹2,640","₹3,195",17%,4.5,16146,Computers&Accessories,34.383726448066696
"₹5,299","₹6,355",17%,3.9,8280,Computers&Accessories,37.779595899453774
₹263,₹699,62%,4.1,450,Computers&Accessories,29.03935092689105
"₹1,990","₹2,999",34%,4.3,14237,Computers&Accessories,34.08472629086279
"₹1,289","₹1,499",14%,4.5,20668,Electronics,6.199644513266533
₹165,₹165,0%,4.5,1674,OfficeProducts,50.16462576774414
"₹1,699","₹3,499",51%,3.6,7689,Computers&Accessories,34.82019885794932
"₹2,299","₹7,500",69%,4.1,5554,Electronics,13.58662712597618
₹219,₹700,69%,4.3,20053,Computers&Accessories,29.042429337076896
₹39,₹39,0%,3.8,3344,Computers&Accessories,26.741081603782558
"₹26,999","₹37,999",29%,4.6,2886,Computers&Accessories,44.26065350630483
"₹1,490","₹1,990",25%,4.1,98250,Electronics,7.280475480768741
₹398,"₹1,949",80%,4.0,75,Computers&Accessories,32.19572919342376
₹349,₹899,61%,4.5,149,Computers&Accessories,29.634263219120538
₹770,"₹1,547",50%,4.3,2585,Computers&Accessories,31.31211760999686
₹279,"₹1,299",79%,4.0,5072,Electronics,5.711091326642954
₹115,₹499,77%,4.0,7732,Computers&Accessories,28.401164418096407
₹230,₹230,0%,4.5,9427,Home&Kitchen,43.273706415945526
₹399,₹999,60%,4.1,1780,Computers&Accessories,29.916844078715123
₹599,₹700,14%,4.3,2301,Computers&Accessories,29.042429337076896
₹598,"₹1,150",48%,4.1,2535,Computers&Accessories,30.326126384573687
₹399,"₹1,499",73%,4.0,691,Computers&Accessories,31.199306373490053
₹499,"₹1,299",62%,4.1,2740,Computers&Accessories,30.710753186866473
₹199,₹499,60%,4.1,602,Computers&Accessories,28.401164418096407
₹579,"₹1,090",47%,4.4,3482,Computers&Accessories,30.165927738252247
₹179,₹399,55%,4.0,1423,Computers&Accessories,28.06434047721656
₹90,₹100,10%,4.1,6199,OfficeProducts,49.9178668512056
₹899,"₹1,999",55%,4.4,1667,Computers&Accessories,32.29853359257204
"₹1,149","₹1,800",36%,4.3,4723,Computers&Accessories,31.88040663325853
₹249,₹499,50%,4.2,22860,Computers&Accessories,28.401164418096407
₹39,₹39,0%,3.6,13572,Computers&Accessories,26.741081603782558
"₹1,599","₹3,599",56%,4.2,16182,Computers&Accessories,34.95702977001177
"₹1,199","₹3,990",70%,4.2,2908,Electronics,10.463156603173067
₹209,₹499,58%,3.9,536,Computers&Accessories,28.401164418096407
"₹1,099","₹1,499",27%,4.2,2375,Computers&Accessories,31.199306373490053
₹120,₹120,0%,4.5,4951,OfficeProducts,49.994459988460505
"₹1,519","₹3,499",57%,4.3,408,Computers&Accessories,34.82019885794932
₹420,₹420,0%,4.2,1926,OfficeProducts,51.07552548661548
₹225,₹225,0%,4.1,4798,OfficeProducts,50.38695400759926
₹199,₹799,75%,4.1,7333,Computers&Accessories,29.341936511635126
"₹1,799","₹3,999",55%,4.6,245,Electronics,10.47428130977438
"₹8,349","₹9,625",13%,3.8,3652,Computers&Accessories,39.74868214859286
"₹3,307","₹6,100",46%,4.3,2515,Computers&Accessories,37.57727997719069
₹325,"₹1,299",75%,4.2,10576,Computers&Accessories,30.710753186866473
₹449,"₹1,300",65%,4.2,4959,Computers&Accessories,30.71327311318383
₹380,₹400,5%,4.4,2111,Electronics,3.0681086074576625
₹499,"₹1,399",64%,3.9,1462,Computers&Accessories,30.958847198420365
"₹37,247","₹59,890",38%,4.0,323,Computers&Accessories,45.04521948396515
₹849,"₹2,490",66%,4.2,91188,Electronics,8.235492279514233
₹799,"₹1,999",60%,3.7,418,Electronics,7.298871732348519
"₹2,599","₹6,999",63%,4.5,1526,Electronics,13.25259929032321
₹199,₹999,80%,4.5,127,Computers&Accessories,29.916844078715123
₹269,₹800,66%,3.6,10134,Computers&Accessories,29.344909675854876
₹298,₹999,70%,4.3,1552,Computers&Accessories,29.916844078715123
"₹1,499","₹2,999",50%,4.1,25262,Electronics,9.085064430639264
₹649,"₹1,245",48%,3.9,123365,Home&Kitchen,46.38135505876035
"₹1,199","₹1,695",29%,3.6,13300,Home&Kitchen,47.45764551607019
"₹1,199","₹2,000",40%,4.0,18543,Home&Kitchen,48.108451021244626
₹455,₹999,54%,4.1,3578,Home&Kitchen,45.72472039947433
₹199,"₹1,999",90%,3.7,2031,Home&Kitchen,48.10640991333125
₹293,₹499,41%,3.9,44994,Home&Kitchen,44.20904073885561
₹199,₹495,60%,4.1,270563,Home&Kitchen,44.19580315955218
₹749,"₹1,245",40%,3.9,31783,Home&Kitchen,46.38135505876035
"₹1,399","₹1,549",10%,3.9,2602,Home&Kitchen,47.12465851202838
₹749,"₹1,445",48%,3.9,63350,Home&Kitchen,46.87826150556248
"₹1,699","₹3,193",47%,3.8,54032,Home&Kitchen,50.18862399120155
"₹1,043","₹1,345",22%,3.8,15592,Home&Kitchen,46.63372401460272
₹499,₹999,50%,4.1,4859,Home&Kitchen,45.72472039947433
"₹1,464","₹1,650",11%,4.1,14120,Home&Kitchen,47.356571321996505
₹249,₹499,50%,3.3,8427,Home&Kitchen,44.20904073885561
₹625,"₹1,400",55%,4.2,23316,Home&Kitchen,46.76916530695891
"₹1,290","₹2,500",48%,4.0,6530,Home&Kitchen,49.060831973625575
"₹3,600","₹6,190",42%,4.3,11924,Home&Kitchen,53.45761481544863
"₹6,549","₹13,999",53%,4.0,2961,Home&Kitchen,57.13073038933166
"₹1,625","₹2,995",46%,4.5,23484,Home&Kitchen,49.88634792109274
"₹2,599","₹5,890",56%,4.1,21783,Home&Kitchen,53.21142885149518
"₹1,199","₹2,000",40%,4.0,14030,Home&Kitchen,48.108451021244626
"₹5,499","₹13,150",58%,4.2,6398,Home&Kitchen,56.88452343368067
"₹1,299","₹3,500",63%,3.8,44050,Home&Kitchen,50.62945942460597
₹599,₹785,24%,4.2,24247,Home&Kitchen,45.10808060514387
"₹1,999","₹3,210",38%,4.2,41349,Home&Kitchen,50.213897341063664
₹549,"₹1,000",45%,3.6,1074,Home&Kitchen,45.72749864029224
₹999,"₹2,000",50%,3.8,1163,Home&Kitchen,48.108451021244626
₹398,"₹1,999",80%,4.1,257,Home&Kitchen,48.10640991333125
₹539,₹720,25%,4.1,36017,Home&Kitchen,44.911647824441424
₹699,"₹1,595",56%,4.1,8090,Home&Kitchen,47.23116303250857
"₹2,148","₹3,645",41%,4.1,31388,Home&Kitchen,50.82678531852629
"₹3,599","₹7,950",55%,4.2,136,Home&Kitchen,54.67215758495119
₹351,₹999,65%,4.0,5380,Home&Kitchen,45.72472039947433
"₹1,614","₹1,745",8%,4.3,37974,Home&Kitchen,47.56836842037625
₹719,"₹1,295",44%,4.2,17218,Home&Kitchen,46.508541796236116
₹678,"₹1,499",55%,4.2,900,Home&Kitchen,47.00718269424926
₹809,"₹1,545",48%,3.7,976,Home&Kitchen,47.115326498708335
"₹1,969","₹5,000",61%,4.1,4927,Home&Kitchen,52.394165306958904
"₹1,490","₹1,695",12%,4.4,3543,Home&Kitchen,47.45764551607019
"₹2,499","₹3,945",37%,3.8,2732,Home&Kitchen,51.21473545788121
"₹1,665","₹2,099",21%,4.0,14368,Home&Kitchen,48.30767425188073
"₹3,229","₹5,295",39%,4.2,39724,Home&Kitchen,52.68071217437027
"₹1,799","₹3,595",50%,3.8,9791,Home&Kitchen,50.75949398642372
"₹1,260","₹1,699",26%,4.2,2891,Home&Kitchen,47.466564172461226
₹749,"₹1,129",34%,4.0,2446,Home&Kitchen,46.07828996024656
"₹3,499","₹5,795",40%,3.9,25340,Home&Kitchen,53.13061736809832
₹379,₹999,62%,4.3,3096,Home&Kitchen,45.72472039947433
"₹1,099","₹2,400",54%,3.8,4,Home&Kitchen,48.880651793445395
₹749,"₹1,299",42%,4.0,119,Home&Kitchen,46.51862950762568
"₹1,299","₹1,299",0%,4.2,40106,Home&Kitchen,46.51862950762568
₹549,"₹1,090",50%,4.2,13029,Home&Kitchen,45.97380405901145
₹899,"₹2,000",55%,3.6,291,Home&Kitchen,48.108451021244626
"₹1,321","₹1,545",14%,4.3,15453,Home&Kitchen,47.115326498708335
"₹1,099","₹1,999",45%,4.0,604,Home&Kitchen,48.10640991333125
₹775,₹875,11%,4.2,46647,Home&Kitchen,45.37288871121422
"₹6,299","₹15,270",59%,4.1,3233,Home&Kitchen,57.460766194970745
"₹3,190","₹4,195",24%,4.0,1282,Home&Kitchen,51.51868950489257
₹799,"₹1,989",60%,4.3,70,Home&Kitchen,48.08596670916237
"₹2,699","₹5,000",46%,4.0,26164,Home&Kitchen,52.394165306958904
₹599,₹990,39%,3.9,16166,Home&Kitchen,45.699674488928856
₹749,"₹1,111",33%,4.2,35693,Home&Kitchen,46.03023141725182
"₹6,199","₹10,400",40%,4.1,14391,Home&Kitchen,55.90065881345242
"₹1,819","₹2,490",27%,4.4,7946,Home&Kitchen,49.043030460496965
"₹1,199","₹1,900",37%,4.0,1765,Home&Kitchen,47.9014116837705
"₹3,249","₹6,295",48%,3.8,14062,Home&Kitchen,53.54069031802575
₹349,₹999,65%,4.0,15646,Home&Kitchen,45.72472039947433
"₹1,049","₹1,699",38%,3.1,111,Home&Kitchen,47.466564172461226
₹799,"₹1,500",47%,4.3,9695,Home&Kitchen,47.009549922343524
"₹4,999","₹9,650",48%,4.2,1772,Home&Kitchen,55.56822674040601
"₹6,999","₹10,590",34%,4.4,11499,Home&Kitchen,55.97979712222511
₹799,"₹1,999",60%,4.1,2162,Home&Kitchen,48.10640991333125
₹89,₹89,0%,4.2,19621,Home&Kitchen,42.74393932936017
"₹1,400","₹2,485",44%,4.1,19998,Home&Kitchen,49.03411186674515
₹355,₹899,61%,4.1,1051,Home&Kitchen,45.44213953987975
"₹2,169","₹3,279",34%,4.1,1716,Home&Kitchen,50.31541183431729
"₹2,799","₹3,799",26%,3.9,32931,Home&Kitchen,51.02923747425064
₹899,"₹1,249",28%,3.9,17424,Home&Kitchen,46.39160489729336
"₹2,499","₹5,000",50%,3.8,1889,Home&Kitchen,52.394165306958904
"₹3,599","₹7,299",51%,4.0,10324,Home&Kitchen,54.26342297018356
₹499,₹625,20%,4.2,5355,Home&Kitchen,44.616387529181125
₹653,"₹1,020",36%,4.1,3366,Home&Kitchen,45.782869625895785
"₹4,789","₹8,990",47%,4.3,1017,Home&Kitchen,55.246202476365625
"₹1,409","₹1,639",14%,3.7,787,Home&Kitchen,47.331655892890524
₹753,₹899,16%,4.2,18462,Home&Kitchen,45.44213953987975
₹353,"₹1,199",71%,4.3,629,Home&Kitchen,46.26253117242108
"₹1,099","₹1,899",42%,4.3,15276,Home&Kitchen,47.89931098024489
"₹8,799","₹11,595",24%,4.4,2981,Home&Kitchen,56.36825388785677
"₹1,345","₹1,750",23%,3.8,2466,Home&Kitchen,47.579350492144094
"₹2,095","₹2,095",0%,4.5,7949,Home&Kitchen,48.29973260787504
"₹1,498","₹2,300",35%,3.8,95,Home&Kitchen,48.69553516997261
"₹2,199","₹2,990",26%,3.8,1558,Home&Kitchen,49.87852075126429
"₹3,699","₹4,295",14%,4.1,26543,Home&Kitchen,51.63569301002507
₹177,₹199,11%,4.1,3688,Home&Kitchen,43.15969714000373
"₹1,149","₹2,499",54%,3.8,4383,Home&Kitchen,49.05905395877915
₹244,₹499,51%,3.3,478,Home&Kitchen,44.20904073885561
"₹1,959","₹2,400",18%,4.0,237,Home&Kitchen,48.880651793445395
₹319,₹749,57%,4.6,124,Home&Kitchen,44.99983585835915
"₹1,499","₹1,775",16%,3.9,14667,Home&Kitchen,47.6340177054829
₹469,"₹1,599",71%,3.7,6,Home&Kitchen,47.24035412344625
"₹1,099","₹1,795",39%,4.2,4244,Home&Kitchen,47.677461848533596
"₹9,590","₹15,999",40%,4.1,1017,Home&Kitchen,57.63203377688605
₹999,"₹1,490",33%,4.1,12999,Home&Kitchen,46.985844813892655
"₹1,299","₹1,999",35%,3.8,311,Home&Kitchen,48.10640991333125
₹292,₹499,41%,4.1,4238,Home&Kitchen,44.20904073885561
₹160,₹299,46%,4.6,2781,Home&Kitchen,43.52268012107478
₹600,₹600,0%,4.1,10907,Home&Kitchen,44.53702244981605
"₹1,130","₹1,130",0%,4.2,13250,Home&Kitchen,46.0809516038594
"₹3,249","₹6,295",48%,3.9,43070,Home&Kitchen,53.54069031802575
"₹3,599","₹9,455",62%,4.1,11828,Home&Kitchen,55.47614386109243
₹368,₹699,47%,4.1,1240,Home&Kitchen,44.84722724765026
"₹3,199","₹4,999",36%,4.0,20869,Home&Kitchen,52.39316520694891
"₹1,599","₹2,900",45%,3.7,441,Home&Kitchen,49.73593745885764
"₹1,999","₹2,499",20%,4.1,1034,Home&Kitchen,49.05905395877915
₹616,"₹1,190",48%,4.1,37126,Home&Kitchen,46.23907645397022
"₹1,499","₹2,100",29%,4.1,6355,Home&Kitchen,48.30965826470539
₹199,₹499,60%,3.3,12,Home&Kitchen,44.20904073885561
₹610,₹825,26%,4.1,13165,Home&Kitchen,45.22678333270998
₹999,"₹1,499",33%,4.1,1646,Home&Kitchen,47.00718269424926
"₹8,999","₹9,995",10%,4.4,17994,Home&Kitchen,55.72527567708229
₹453,₹999,55%,4.3,610,Home&Kitchen,45.72472039947433
"₹2,464","₹6,000",59%,4.1,8866,Home&Kitchen,53.303256216049824
"₹2,719","₹3,945",31%,3.7,13406,Home&Kitchen,51.21473545788121
"₹1,439","₹1,999",28%,4.8,53803,Home&Kitchen,48.10640991333125
"₹2,799","₹3,499",20%,4.5,546,Home&Kitchen,50.62807517870853
"₹2,088","₹5,550",62%,4.0,5292,Home&Kitchen,52.91549232117691
"₹2,399","₹4,590",48%,4.1,444,Home&Kitchen,51.96663663125505
₹308,₹499,38%,3.9,4584,Home&Kitchen,44.20904073885561
"₹2,599","₹4,400",41%,4.1,14947,Home&Kitchen,51.75586743461849
₹479,"₹1,000",52%,4.2,1559,Home&Kitchen,45.72749864029224
₹245,₹299,18%,4.1,1660,Home&Kitchen,43.52268012107478
₹179,₹799,78%,3.5,132,Home&Kitchen,45.14981283239433
"₹3,569","₹5,190",31%,4.3,28629,Home&Kitchen,52.58062261804821
₹699,"₹1,345",48%,3.9,8446,Home&Kitchen,46.63372401460272
"₹2,089","₹4,000",48%,4.2,11199,Home&Kitchen,51.2830541958478
₹784,"₹1,599",51%,4.5,11,Home&Kitchen,47.24035412344625
"₹5,499","₹9,999",45%,3.8,4353,Home&Kitchen,55.72705416621619
₹899,"₹1,990",55%,4.1,185,Home&Kitchen,48.088013661751475
"₹1,695","₹1,695",0%,4.2,14290,Home&Kitchen,47.45764551607019
₹499,₹940,47%,4.1,3036,Home&Kitchen,45.55914847194207
"₹2,699","₹4,700",43%,4.2,1296,Home&Kitchen,52.08488695644344
"₹1,448","₹2,999",52%,4.5,19,Home&Kitchen,49.892602611621996
₹79,₹79,0%,4.0,97,Home&Kitchen,42.70525016618317
"₹6,990","₹14,290",51%,4.4,1771,Home&Kitchen,57.21013212914657
"₹2,698","₹3,945",32%,4.0,15034,Home&Kitchen,51.21473545788121
"₹3,199","₹5,999",47%,4.0,3242,Home&Kitchen,53.30242969463052
"₹1,199","₹1,950",39%,3.9,2832,Home&Kitchen,48.005676098325814
"₹1,414","₹2,799",49%,4.0,1498,Home&Kitchen,49.5720086202042
₹999,"₹1,950",49%,3.8,305,Home&Kitchen,48.005676098325814
"₹5,999","₹9,999",40%,4.2,1191,Home&Kitchen,55.72705416621619
"₹9,970","₹12,999",23%,4.3,4049,Home&Kitchen,56.83830109228032
₹698,₹699,0%,4.2,3160,Home&Kitchen,44.84722724765026
"₹2,199","₹3,190",31%,4.3,9650,Home&Kitchen,50.1841530969467
₹320,₹799,60%,4.2,3846,Home&Kitchen,45.14981283239433
₹298,₹499,40%,4.4,290,Home&Kitchen,44.20904073885561
"₹1,199","₹1,499",20%,3.8,2206,Home&Kitchen,47.00718269424926
"₹1,399","₹2,660",47%,4.1,9349,Home&Kitchen,49.339335019752646
₹599,"₹2,799",79%,3.9,578,Home&Kitchen,49.5720086202042
"₹1,499","₹1,499",0%,4.3,9331,Home&Kitchen,47.00718269424926
"₹14,400","₹59,900",76%,4.4,3837,Home&Kitchen,60.85333325765229
"₹1,699","₹1,900",11%,3.6,11456,Home&Kitchen,47.9014116837705
₹649,₹999,35%,3.8,49,Home&Kitchen,45.72472039947433
"₹3,249","₹6,375",49%,4.0,4978,Home&Kitchen,53.60295651575012
₹199,₹499,60%,4.1,1996,Home&Kitchen,44.20904073885561
"₹1,099","₹1,899",42%,4.3,1811,Home&Kitchen,47.89931098024489
₹664,"₹1,490",55%,4.0,2198,Home&Kitchen,46.985844813892655
₹260,₹350,26%,3.9,13127,Home&Kitchen,43.70257652191218
"₹6,499","₹8,500",24%,4.4,5865,Home&Kitchen,54.9867578995515
"₹1,484","₹2,499",41%,3.7,1067,Home&Kitchen,49.05905395877915
₹999,"₹1,560",36%,3.6,4881,Home&Kitchen,47.150262867934515
"₹3,299","₹6,500",49%,3.7,11217,Home&Kitchen,53.698513133045864
₹259,₹999,74%,4.0,43,Home&Kitchen,45.72472039947433
"₹3,249","₹7,795",58%,4.2,4664,Home&Kitchen,54.578612356587676
"₹4,280","₹5,995",29%,3.8,2112,Home&Kitchen,53.299122105503706
₹189,₹299,37%,4.2,2737,Home&Kitchen,43.52268012107478
"₹1,449","₹2,349",38%,3.9,9019,Home&Kitchen,48.786871797637914
₹199,₹499,60%,4.0,10234,Home&Kitchen,44.20904073885561
₹474,"₹1,299",64%,4.1,550,Home&Kitchen,46.51862950762568
₹279,₹499,44%,4.8,28,Home&Kitchen,44.20904073885561
"₹1,999","₹4,775",58%,4.2,1353,Home&Kitchen,52.16398627882592
₹799,"₹1,230",35%,4.1,2138,Home&Kitchen,46.3428009409878
₹949,"₹1,999",53%,4.0,1679,Home&Kitchen,48.10640991333125
"₹3,657.66","₹5,156",29%,3.9,12837,Home&Kitchen,52.54776908797506
"₹1,699","₹1,999",15%,4.1,8873,Home&Kitchen,48.10640991333125
"₹1,849","₹2,095",12%,4.3,7681,Home&Kitchen,48.29973260787504
"₹12,499","₹19,825",37%,4.1,322,Home&Kitchen,58.36596792528721
"₹1,099","₹1,920",43%,4.2,9772,Home&Kitchen,47.94329825493578
"₹8,199","₹16,000",49%,3.9,18497,Home&Kitchen,57.63226054505415
₹499,"₹2,199",77%,3.7,53,Home&Kitchen,48.50334713776874
"₹6,999","₹14,999",53%,4.1,1728,Home&Kitchen,57.39391529445829
"₹1,595","₹1,799",11%,4.0,2877,Home&Kitchen,47.68612000617939
"₹1,049","₹1,950",46%,3.8,250,Home&Kitchen,48.005676098325814
"₹1,182","₹2,995",61%,4.2,5178,Home&Kitchen,49.88634792109274
₹499,₹999,50%,4.6,79,Home&Kitchen,45.72472039947433
"₹8,799","₹11,995",27%,4.1,4157,Home&Kitchen,56.51008175297244
"₹1,529","₹2,999",49%,3.3,29,Home&Kitchen,49.892602611621996
"₹1,199","₹1,690",29%,4.2,4580,Home&Kitchen,47.44648219784082
"₹1,052","₹1,790",41%,4.3,1404,Home&Kitchen,47.666624806222536
"₹6,499","₹8,995",28%,4.3,2810,Home&Kitchen,55.24875623228939
₹239,₹239,0%,4.3,7,Home&Kitchen,43.30655316723759
₹699,"₹1,599",56%,4.7,1729,Home&Kitchen,47.24035412344625
"₹2,599","₹4,290",39%,4.4,2116,Home&Kitchen,51.6299026589503
"₹1,547","₹2,890",46%,3.9,463,Home&Kitchen,49.7198940775546
₹499,"₹1,299",62%,4.7,54,Home&Kitchen,46.51862950762568
₹510,₹640,20%,4.1,7229,Home&Kitchen,44.6636688530582
"₹1,899","₹3,790",50%,3.8,3842,Home&Kitchen,51.01760102937074
"₹2,599","₹4,560",43%,4.4,646,Home&Kitchen,51.93391426093381
"₹1,199","₹3,500",66%,4.3,1802,Home&Kitchen,50.62945942460597
₹999,"₹2,600",62%,3.4,252,Home&Kitchen,49.2362705701168
"₹1,999","₹3,300",39%,4.2,780,Home&Kitchen,50.34597253587457
₹210,₹699,70%,3.7,74,Home&Kitchen,44.84722724765026
"₹14,499","₹23,559",38%,4.3,2026,Home&Kitchen,58.89264214438319
₹950,"₹1,599",41%,4.3,5911,Home&Kitchen,47.24035412344625
"₹7,199","₹9,995",28%,4.4,1964,Home&Kitchen,55.72527567708229
"₹2,439","₹2,545",4%,4.1,25,Home&Kitchen,49.14035483644864
"₹7,799","₹8,995",13%,4.0,3160,Home&Kitchen,55.24875623228939
"₹1,599","₹1,999",20%,4.4,1558,Home&Kitchen,48.10640991333125
"₹2,899","₹5,500",47%,3.8,8958,Home&Kitchen,52.87035578314938
"₹9,799","₹12,150",19%,4.3,13251,Home&Kitchen,56.56326151687144
"₹3,299","₹4,995",34%,3.8,1393,Home&Kitchen,52.38916280570829
₹669,"₹1,499",55%,2.3,13,Home&Kitchen,47.00718269424926
"₹5,890","₹7,506",22%,4.5,7241,Home&Kitchen,54.39800346464322
"₹9,199","₹18,000",49%,4.0,16020,Home&Kitchen,58.04633922000239
₹351,"₹1,099",68%,3.7,1470,Home&Kitchen,45.99803479376002
"₹1,349","₹1,850",27%,4.4,638,Home&Kitchen,47.79562516097351
"₹6,236","₹9,999",38%,4.1,3552,Home&Kitchen,55.72705416621619
"₹2,742","₹3,995",31%,4.4,11148,Home&Kitchen,51.276877925080086
₹721,"₹1,499",52%,3.1,2449,Home&Kitchen,47.00718269424926
"₹2,903","₹3,295",12%,4.3,2299,Home&Kitchen,50.33871021352914
"₹1,656","₹2,695",39%,4.4,6027,Home&Kitchen,49.39871371501609
"₹1,399","₹2,290",39%,4.4,461,Home&Kitchen,48.67674418213038
"₹2,079","₹3,099",33%,4.1,282,Home&Kitchen,50.046961948519595
₹999,"₹1,075",7%,4.1,9275,Home&Kitchen,45.933259957164665
"₹3,179","₹6,999",55%,4.0,743,Home&Kitchen,54.060137471305936
"₹1,049","₹2,499",58%,3.6,328,Home&Kitchen,49.05905395877915
"₹3,599","₹7,290",51%,3.9,942,Home&Kitchen,54.257468805738405
"₹4,799","₹5,795",17%,3.9,3815,Home&Kitchen,53.13061736809832
"₹1,699","₹3,398",50%,3.8,7988,Home&Kitchen,50.48656826004297
₹664,"₹1,490",55%,4.1,925,Home&Kitchen,46.985844813892655
₹948,"₹1,620",41%,4.1,4370,Home&Kitchen,47.288425125690026
₹850,"₹1,000",15%,4.1,7619,Home&Kitchen,45.72749864029224
₹600,₹640,6%,3.8,2593,Home&Kitchen,44.6636688530582
"₹3,711","₹4,495",17%,4.3,356,Home&Kitchen,51.86230643386781
₹799,"₹2,999",73%,4.5,63,Home&Kitchen,49.892602611621996
₹980,₹980,0%,4.2,4740,Home&Kitchen,45.67175728020306
₹351,₹899,61%,3.9,296,Home&Kitchen,45.44213953987975
₹229,₹499,54%,3.5,185,Home&Kitchen,44.20904073885561
"₹3,349","₹3,995",16%,4.3,1954,Home&Kitchen,51.276877925080086
"₹5,499","₹11,500",52%,3.9,959,Home&Kitchen,56.33355924635285
₹299,₹499,40%,3.9,1015,Home&Kitchen,44.20904073885561
"₹2,249","₹3,550",37%,4.0,3973,Home&Kitchen,50.69825887421037
₹699,"₹1,599",56%,4.7,2300,Home&Kitchen,47.24035412344625
"₹1,235","₹1,499",18%,4.1,203,Home&Kitchen,47.00718269424926
"₹1,349","₹2,999",55%,3.8,441,Home&Kitchen,49.892602611621996
"₹6,800","₹11,500",41%,4.1,10308,Home&Kitchen,56.33355924635285
"₹2,099","₹2,499",16%,,992,Home&Kitchen,49.05905395877915
"₹1,699","₹1,975",14%,4.1,4716,Home&Kitchen,48.05724774423489
"₹1,069","₹1,699",37%,3.9,313,Home&Kitchen,47.466564172461226
"₹1,349","₹2,495",46%,3.8,166,Home&Kitchen,49.051937154857505
"₹1,499","₹3,500",57%,4.1,303,Home&Kitchen,50.62945942460597
"₹2,092","₹4,600",55%,4.3,562,Home&Kitchen,51.97749864029224
"₹3,859","₹10,295",63%,3.9,8095,Home&Kitchen,55.856080965670905
₹499,"₹2,199",77%,2.8,109,Home&Kitchen,48.50334713776874
"₹1,804","₹2,380",24%,4.0,15382,Home&Kitchen,48.844029805603896
"₹6,525","₹8,820",26%,4.5,5137,Home&Kitchen,55.15827529248713
"₹4,999","₹24,999",80%,4.6,124,Home&Kitchen,59.06072085881065
"₹1,189","₹2,400",50%,4.1,618,Home&Kitchen,48.880651793445395
"₹2,590","₹4,200",38%,4.1,63,Home&Kitchen,51.524600089567606
₹899,"₹1,599",44%,3.4,15,Home&Kitchen,47.24035412344625
₹998,"₹2,999",67%,4.6,9,Home&Kitchen,49.892602611621996
₹998.06,"₹1,282",22%,4.2,7274,Home&Kitchen,46.47566801310345
"₹1,099","₹1,990",45%,3.9,5911,Home&Kitchen,48.088013661751475
"₹5,999","₹9,999",40%,4.2,170,Home&Kitchen,55.72705416621619
"₹8,886","₹11,850",25%,4.2,3065,Home&Kitchen,56.4594472060687
₹475,₹999,52%,4.1,1021,Home&Kitchen,45.72472039947433
"₹4,995","₹20,049",75%,4.8,3964,Home&Kitchen,58.40198997061814
"₹13,999","₹24,850",44%,4.4,8948,Home&Kitchen,59.044081554865116
"₹8,499","₹16,490",48%,4.3,97,Home&Kitchen,57.74083817806175
₹949,₹975,3%,4.3,7223,Home&Kitchen,45.657763633318744
₹395,₹499,21%,4.0,330,Home&Kitchen,44.20904073885561
₹635,₹635,0%,4.3,4570,Home&Kitchen,44.647936380605756
₹717,"₹1,390",48%,4.0,4867,Home&Kitchen,46.74471303778833
"₹27,900","₹59,900",53%,4.4,5298,Home&Kitchen,60.85333325765229
₹649,₹670,3%,4.1,7786,Home&Kitchen,44.75748100360794
₹193,₹399,52%,3.6,37,Home&Kitchen,43.87221679797577
"₹1,299","₹2,495",48%,2.0,2,Home&Kitchen,49.051937154857505
"₹2,449","₹3,390",28%,4.0,5206,Home&Kitchen,50.475214174658554
"₹1,049","₹2,499",58%,3.7,638,Home&Kitchen,49.05905395877915
"₹2,399","₹4,200",43%,3.8,397,Home&Kitchen,51.524600089567606
"₹2,286","₹4,495",49%,3.9,326,Home&Kitchen,51.86230643386781
₹499,"₹2,199",77%,3.1,3527,Home&Kitchen,48.50334713776874
₹429,₹999,57%,3.0,617,Home&Kitchen,45.72472039947433
₹299,₹595,50%,4.0,314,Home&Kitchen,44.521064323938354
"₹5,395","₹19,990",73%,4.4,535,Home&Kitchen,58.3925646667028
₹559,"₹1,010",45%,4.1,17325,Home&Kitchen,45.75523019880583
₹660,"₹1,100",40%,3.6,91,Home&Kitchen,46.00072268400809
₹419,₹999,58%,4.4,227,Home&Kitchen,45.72472039947433
"₹7,349","₹10,900",33%,4.2,11957,Home&Kitchen,56.10485713085828
"₹2,899","₹4,005",28%,4.3,7140,Home&Kitchen,51.28922360790283
"₹1,799","₹3,295",45%,3.8,687,Home&Kitchen,50.33871021352914
"₹1,474","₹4,650",68%,4.1,1045,Home&Kitchen,52.031471006440775
"₹15,999","₹24,500",35%,4.0,11206,Home&Kitchen,59.00433479848434
"₹3,645","₹6,070",40%,4.2,561,Home&Kitchen,53.3607416393889
₹375,₹999,62%,3.6,1988,Home&Kitchen,45.72472039947433
"₹2,976","₹3,945",25%,4.2,3740,Home&Kitchen,51.21473545788121
"₹1,099","₹1,499",27%,4.1,4401,Home&Kitchen,47.00718269424926
"₹2,575","₹6,700",62%,4.2,611,Home&Kitchen,53.847156759950366
"₹1,649","₹2,800",41%,3.9,2162,Home&Kitchen,49.57365248644609
₹799,"₹1,699",53%,4.0,97,Home&Kitchen,47.466564172461226
₹765,₹970,21%,4.2,6055,Home&Kitchen,45.64374654648989
₹999,"₹1,500",33%,4.2,386,Home&Kitchen,47.009549922343524
₹587,"₹1,295",55%,4.1,557,Home&Kitchen,46.508541796236116
"₹12,609","₹23,999",47%,4.4,2288,Home&Kitchen,58.94577053472538
₹699,₹850,18%,4.1,1106,Home&Kitchen,45.300148212941814
"₹3,799","₹6,000",37%,4.2,11935,Home&Kitchen,53.303256216049824
₹640,"₹1,020",37%,4.1,5059,Home&Kitchen,45.782869625895785
₹979,"₹1,999",51%,3.9,157,Home&Kitchen,48.10640991333125
"₹5,365","₹7,445",28%,3.9,3584,Home&Kitchen,54.35880974247518
"₹3,199","₹3,500",9%,4.2,1899,Home&Kitchen,50.62945942460597
₹979,"₹1,395",30%,4.2,15252,Home&Kitchen,46.75694873150934
₹929,"₹2,199",58%,3.7,4,Home&Kitchen,48.50334713776874
"₹3,710","₹4,330",14%,3.7,1662,Home&Kitchen,51.676051694954616
"₹2,033","₹4,295",53%,3.4,422,Home&Kitchen,51.63569301002507
"₹9,495","₹18,990",50%,4.2,79,Home&Kitchen,58.225761805499964
"₹7,799","₹12,500",38%,4.0,5160,Home&Kitchen,56.6798795926732
₹949,"₹2,385",60%,4.1,2311,Home&Kitchen,48.85320389869892
"₹2,790","₹4,890",43%,3.9,588,Home&Kitchen,52.28294184892049
₹645,"₹1,100",41%,4.0,3271,Home&Kitchen,46.00072268400809
"₹2,237.81","₹3,899",43%,3.9,11004,Home&Kitchen,51.15694764205274
"₹8,699","₹16,899",49%,4.2,3195,Home&Kitchen,57.82774674903389
"₹42,990","₹75,990",43%,4.3,3231,Home&Kitchen,61.159444971114986
₹825,₹825,0%,4.0,3246,Home&Kitchen,45.22678333270998
₹161,₹300,46%,2.6,24,Home&Kitchen,43.52624077865702
₹697,"₹1,499",54%,3.8,144,Home&Kitchen,47.00718269424926
₹688,₹747,8%,4.5,2280,Home&Kitchen,44.99378249853712
"₹2,199","₹3,999",45%,3.5,340,Home&Kitchen,51.28181949075711
"₹6,850","₹11,990",43%,3.9,144,Home&Kitchen,56.50835012155573
"₹2,699","₹3,799",29%,4.0,727,Home&Kitchen,51.02923747425064
₹899,"₹1,999",55%,4.0,832,Home&Kitchen,48.10640991333125
"₹1,090","₹2,999",64%,3.5,57,Home&Kitchen,49.892602611621996
₹295,₹599,51%,4.0,1644,Home&Kitchen,44.533833104779944
₹479,"₹1,999",76%,3.4,1066,Home&Kitchen,48.10640991333125
"₹2,949","₹4,849",39%,4.2,7968,Home&Kitchen,52.24085024959268
₹335,₹510,34%,3.8,3195,Home&Kitchen,44.245344980280144
₹293,₹499,41%,4.1,1456,Home&Kitchen,44.20904073885561
₹599,"₹1,299",54%,4.2,590,Home&Kitchen,46.51862950762568
₹499,₹999,50%,4.3,1436,Home&Kitchen,45.72472039947433
₹849,"₹1,190",29%,4.2,4184,Home&Kitchen,46.23907645397022
₹249,₹400,38%,4.1,693,Home&Kitchen,43.87564678844039
₹185,₹599,69%,3.9,1306,Home&Kitchen,44.533833104779944
₹778,₹999,22%,3.3,8,Home&Kitchen,45.72472039947433
₹279,₹699,60%,4.3,2326,Home&Kitchen,44.84722724765026
₹215,"₹1,499",86%,3.9,1004,Home&Kitchen,47.00718269424926
₹889,"₹1,295",31%,4.3,6400,Home&Kitchen,46.508541796236116
"₹1,449","₹4,999",71%,3.6,63,Home&Kitchen,52.39316520694891
"₹1,190","₹2,550",53%,3.8,1181,Home&Kitchen,49.14913219437613
"₹1,799","₹1,950",8%,3.9,1888,Home&Kitchen,48.005676098325814
"₹6,120","₹8,478",28%,4.6,6550,Home&Kitchen,54.97466686505358
"₹1,799","₹3,299",45%,3.8,1846,Home&Kitchen,50.34452077147271
"₹2,199","₹3,895",44%,3.9,1085,Home&Kitchen,51.15189436822929
"₹3,685","₹5,495",33%,4.1,290,Home&Kitchen,52.86581847513423
₹649,₹999,35%,3.6,4,Home&Kitchen,45.72472039947433
"₹8,599","₹8,995",4%,4.4,9734,Home&Kitchen,55.24875623228939
"₹1,110","₹1,599",31%,4.3,4022,Home&Kitchen,47.24035412344625
"₹1,499","₹3,500",57%,4.7,2591,Home&Kitchen,50.62945942460597
₹759,"₹1,999",62%,4.3,532,Home&Kitchen,48.10640991333125
"₹2,669","₹3,199",17%,3.9,260,Home&Kitchen,50.197555964356155
₹929,"₹1,300",29%,3.9,1672,Home&Kitchen,46.52114943394304
₹199,₹399,50%,3.7,7945,Home&Kitchen,43.87221679797577
₹279,₹599,53%,3.5,1367,Home&Kitchen,44.533833104779944
₹549,₹999,45%,4.0,1313,Home&Kitchen,45.72472039947433
₹85,₹199,57%,4.1,212,Home&Kitchen,43.15969714000373
₹499,"₹1,299",62%,3.9,65,Home&Kitchen,46.51862950762568
"₹5,865","₹7,776",25%,4.4,2737,Home&Kitchen,54.56698935204345
"₹1,260","₹2,299",45%,4.3,55,Home&Kitchen,48.69365838820291
"₹1,099","₹1,500",27%,4.5,1065,Home&Kitchen,47.009549922343524
"₹1,928","₹2,590",26%,4.0,2377,Home&Kitchen,49.21893474042399
"₹3,249","₹6,299",48%,3.9,2569,Home&Kitchen,53.54382456884049
"₹1,199","₹1,795",33%,4.2,5967,Home&Kitchen,47.677461848533596
"₹1,456","₹3,190",54%,4.1,1776,Home&Kitchen,50.1841530969467
"₹3,349","₹4,799",30%,3.7,4200,Home&Kitchen,52.1890423352271
"₹4,899","₹8,999",46%,4.1,297,Home&Kitchen,55.25079792357438
"₹1,199","₹1,899",37%,4.2,3858,Home&Kitchen,47.89931098024489
"₹3,290","₹5,799",43%,4.3,168,Home&Kitchen,53.134048629488774
₹179,₹799,78%,3.6,101,Home&Kitchen,45.14981283239433
₹149,₹300,50%,4.1,4074,Home&Kitchen,43.52624077865702
"₹5,490","₹7,200",24%,4.5,1408,Home&Kitchen,54.197443995483496
₹379,₹389,3%,4.2,3739,Home&Kitchen,43.837846880534705
"₹8,699","₹13,049",33%,4.3,5891,Home&Kitchen,56.853692150551346
"₹3,041.67","₹5,999",49%,4.0,777,Home&Kitchen,53.30242969463052
"₹1,745","₹2,400",27%,4.2,14160,Home&Kitchen,48.880651793445395
"₹3,180","₹5,295",40%,4.2,6919,Home&Kitchen,52.68071217437027
"₹4,999","₹24,999",80%,4.5,287,Home&Kitchen,59.06072085881065
₹390,₹799,51%,3.8,287,Home&Kitchen,45.14981283239433
"₹1,999","₹2,999",33%,4.4,388,Home&Kitchen,49.892602611621996
"₹1,624","₹2,495",35%,4.1,827,Home&Kitchen,49.051937154857505
₹184,₹450,59%,4.2,4971,Home&Kitchen,44.0455414537479
₹445,₹999,55%,4.3,229,Home&Kitchen,45.72472039947433
₹699,"₹1,690",59%,4.1,3524,Home&Kitchen,47.44648219784082
"₹1,601","₹3,890",59%,4.2,156,Home&Kitchen,51.14557138119963
₹231,₹260,11%,4.1,490,Home&Kitchen,43.38275846285244
₹369,₹599,38%,3.9,82,Home&Kitchen,44.533833104779944
₹809,"₹1,950",59%,3.9,710,Home&Kitchen,48.005676098325814
"₹1,199","₹2,990",60%,3.8,133,Home&Kitchen,49.87852075126429
"₹6,120","₹8,073",24%,4.6,2751,Home&Kitchen,54.74481167734061
"₹1,799","₹2,599",31%,3.6,771,Home&Kitchen,49.234539040344885
"₹18,999","₹29,999",37%,4.1,2536,Home&Kitchen,59.536940814830565
"₹1,999","₹2,360",15%,4.2,7801,Home&Kitchen,48.80720878521978
"₹5,999","₹11,495",48%,4.3,534,Home&Kitchen,56.331722142363574
"₹2,599","₹4,780",46%,3.9,898,Home&Kitchen,52.16921643170329
"₹1,199","₹2,400",50%,3.9,1202,Home&Kitchen,48.880651793445395
₹219,₹249,12%,4.0,1108,Home&Kitchen,43.34291745022429
₹799,"₹1,199",33%,4.4,17,Home&Kitchen,46.26253117242108
"₹6,199","₹10,999",44%,4.2,10429,Home&Kitchen,56.14377465754332
"₹6,790","₹10,995",38%,4.5,3192,Home&Kitchen,56.14221157141655
"₹1,982.84","₹3,300",40%,4.1,5873,Home&Kitchen,50.34597253587457
₹199,₹400,50%,4.1,1379,Home&Kitchen,43.87564678844039
"₹1,180","₹1,440",18%,4.2,1527,Home&Kitchen,46.866214996399904
"₹2,199","₹3,045",28%,4.2,2686,Home&Kitchen,49.96408451143374
"₹2,999","₹3,595",17%,4.0,178,Home&Kitchen,50.75949398642372
₹253,₹500,49%,4.3,2664,Home&Kitchen,44.212347125140724
₹499,₹799,38%,3.6,212,Home&Kitchen,45.14981283239433
"₹1,149","₹1,899",39%,3.5,24,Home&Kitchen,47.89931098024489
₹457,₹799,43%,4.3,1868,Home&Kitchen,45.14981283239433
₹229,₹399,43%,3.6,451,Home&Kitchen,43.87221679797577
₹199,₹699,72%,2.9,159,Home&Kitchen,44.84722724765026
₹899,"₹1,999",55%,4.2,39,Home&Kitchen,48.10640991333125
"₹1,499","₹2,199",32%,4.4,6531,Home&Kitchen,48.50334713776874
₹426,₹999,57%,4.1,222,Home&Kitchen,45.72472039947433
"₹2,320","₹3,290",29%,3.8,195,Home&Kitchen,50.3314391308431
"₹1,563","₹3,098",50%,3.5,2283,Home&Kitchen,50.04543722595125
"₹3,487.77","₹4,990",30%,4.1,1127,Home&Kitchen,52.3841552969489
₹498,"₹1,200",59%,3.2,113,Home&Kitchen,46.26513304889439
"₹2,695","₹2,695",0%,4.4,2518,Home&Kitchen,49.39871371501609
₹949,"₹2,299",59%,3.6,550,Home&Kitchen,48.69365838820291
₹199,₹999,80%,3.1,2,Home&Kitchen,45.72472039947433
₹379,₹919,59%,4.0,1090,Home&Kitchen,45.4994195728822
"₹2,280","₹3,045",25%,4.1,4118,Home&Kitchen,49.96408451143374
"₹2,219","₹3,080",28%,3.6,468,Home&Kitchen,50.017927683196525
"₹1,399","₹1,890",26%,4.0,8031,Home&Kitchen,47.88037720826515
"₹2,863","₹3,690",22%,4.3,6987,Home&Kitchen,50.88668544504866
